team,games,win,draw,loss,prizes,href_key
Astralis,832,555,5,272,7301445,astralis
Natus Vincere,1093,659,28,406,5044259,navi-cs-go
Fnatic,1151,703,20,428,4793350,fnatic-cs-go
FaZe Clan,799,464,6,329,4214683,faze-clan
Virtus.pro,1317,693,34,590,3680778,virtus-pro-csgo
Team Liquid,862,518,7,337,3506477,team-liquid-cs-go
SK Gaming,552,323,11,218,3247012,sk-gaming-csgo
MOUZ,1113,604,23,486,3236561,mousesports-cs-go
Ninjas in Pyjamas,1116,637,17,462,2966545,ninjas-in-pyjamas-cs-go
Gambit Esports,516,303,12,201,2936376,gambit-gamingcsgo
G2 Esports,880,486,15,379,2244554,team-kinguin
Team Vitality,391,257,4,130,2153267,team-vitality-1
Cloud9,793,454,4,335,1840006,cloud-9-cs-go
BIG,599,332,1,266,1824972,big3695
Team Envy,727,375,9,343,1723000,envyus
Heroic,700,385,8,307,1542028,heroic-csgo
MIBR,356,177,11,168,1529200,mibr
FURIA Esports,330,202,2,126,1457320,furia-esports
ENCE,491,271,15,205,1299416,ence-esports-cs-go
Complexity Gaming,671,292,7,372,1066750,complexity-cs-go
North,464,264,7,193,1034823,north
Luminosity Gaming,464,234,0,230,1030250,keydstars
OpTic Gaming,535,304,1,230,964666,optic-gaming
Evil Geniuses,187,90,1,96,943325,evil-geniuses-2
00Nation,32,7,0,25,931287,00nation
TyLoo,338,182,6,150,918150,tyloo-cs-go
NRG Esports,497,287,5,205,763000,ex-method
Renegades,576,308,6,262,709586,renegades
Team Dignitas,590,292,16,282,707075,dignitas2k15
HellRaisers,970,494,30,446,694250,ad-cs-go
OG,203,110,2,91,687485,og
AVANGAR,293,190,0,103,667000,avangar3692
MAD Lions,100,54,1,45,656238,-3
Team Kinguin,312,162,7,143,642106,team-kinguin-csgo
Windigo Gaming,261,156,11,94,634590,windigo
Eternal Fire,65,34,0,31,615541,eternal-fire
Space Soldiers,307,181,14,112,563979,space-soldiers533
Team SoloMid,294,177,4,113,551896,team-solomid-csgo
Selectah!,0,,,,551164,selectah
forZe,592,354,4,234,482876,forze
AGO,550,276,12,262,458750,ago-gaming1617
GODSENT,451,219,3,229,412439,godsent-csgo
Team LDLC,547,278,21,248,385478,ldlc-cs-go
mTw,3,0,0,3,371500,mtw1184
Immortals,249,151,0,98,303181,immortals-csgo
Tricked Esport,377,187,15,175,293920,tricked
HAVU Gaming,294,141,12,141,270679,havu-gaming3592
Vega Squadron,161,77,2,82,260397,vega-squadron8483
Sprout,528,292,9,227,260150,sprout
CR4ZY,288,169,9,110,237472,valiance
Epsilon Esports,342,180,9,153,218158,epsilon-e-sports-cs-go
Vici Gaming,101,50,0,51,201070,vici-gaming-cs1
MVP PK,129,70,3,56,198500,mvp-pk
Copenhagen Flames,195,109,0,86,194500,copenhagen-flames3802
FlipSid3 Tactics,441,178,19,244,187487,flipsid3-tactics
VG.CyberZen,64,40,5,19,184686,vici-gaming-cs
Counter Logic Gaming,327,148,0,179,175500,counter-logic-gaming3827
100 Thieves,64,34,1,29,174000,100-thieves
Entropiq,157,95,0,62,160850,entropiq-1
Chaos,184,85,1,98,159500,digital-chaos
Gen.G,56,28,1,27,156706,gen-g-1
Gambit Youngsters,137,82,2,53,140250,gambit-academy-cs
Extra Salt,38,24,0,14,138100,extra-salt
Titan Esports,376,187,14,175,136800,titan-csgo
Team One,162,60,4,98,136000,team-one7215
K23,241,118,2,121,135000,syman-gaming-1
MOUZ NXT,53,41,0,12,132587,mouz-nxt
Team EndPoint,305,144,1,160,129850,team-endpoint6620
Grayhound Gaming,73,37,0,36,129100,grayhound-gaming9536
The Imperial,80,49,0,31,118436,imperial5012
Fnatic Rising,107,53,0,54,116500,fnatic-academy-cs
Tempo Storm,81,38,3,40,114750,tempo-storm-cs-go
Ghost Gaming,201,76,3,122,113778,bee-s-money-crew8816
Sharks Esports,88,38,1,49,110526,sharks-esports2190
Movistar Riders,352,174,1,177,110000,movistar-riders5855
Russian Forces,9,7,2,0,109000,russian-forces
ORDER,75,39,1,35,107806,ex-kings
ALTERNATE aTTaX,470,212,11,247,105200,alternate-cs-go
Rogue,242,119,2,121,104000,rogue-csgo
Illuminar,144,68,0,76,101500,illuminar
Misfits,129,63,6,60,97409,misfits6563
GamerLegion,259,129,0,130,93173,gamerlegion
B.O.O.T-dream[S]cape,87,41,0,46,88371,b-o-o-t-dreamscape6776
Nemiga Gaming,379,186,0,193,87990,nemiga-gaming
ex-Team Dignitas,128,84,1,43,85898,uber-g33kz
Counter Logic Gaming Red,42,27,0,15,85500,counter-logic-gaming-red7206
FPX Esports,46,23,0,23,84461,funplus-phoenix-1
The Mongolz,45,14,3,28,68050,the-mongolz
EURONICS Gaming,99,36,9,54,68000,euronics-gaming
Франция,37,28,1,8,65900,8168
ex-TSM,13,7,0,6,63500,ex-tsm
PENTA Sports,360,144,20,196,62250,berzerk
eUnited,212,90,0,122,61268,eunited5343
3DMAX,155,84,16,55,61250,3dmax-cs-go-2
sAw,139,72,0,67,60351,saw
Quantum Bellator Fire,118,48,0,70,60334,space-jam
pro100,288,126,6,156,59592,pro1003710
Team Dignitas Female,20,15,0,5,59384,team-dignitas-female4624
E-frag,129,59,12,58,58000,gplay
SKADE,224,120,1,103,56700,skade
MVP Project,26,14,0,12,56450,mvp-cs
Orgless,27,11,0,16,55850,orgless
Fragsters,129,62,6,61,55500,fragsters
Wisla Krakow,151,71,0,80,54500,wisla-krakow
iBUYPOWER Esports,41,20,2,19,51338,team-ibuypower-cs-go
Team Singularity,216,95,1,120,51000,singularity1019
paiN Gaming,76,36,0,40,50668,pain-gaming-cs-go
Team Secret,104,61,0,43,50000,team-secret-csgo-female
Team X,26,21,0,5,50000,ex-sk
Турция,23,16,1,6,47668,665
ARCY,51,25,0,26,47250,aristocracy
Triumph,60,18,2,40,46500,triumph-1
Team GLOBAL,87,49,1,37,45364,lgb-esports-cs-go
ex-Hard Legion,0,,,,45115,ex-hard-legion
iGame.com,111,48,3,60,43285,igame-csgo
DreamEaters,109,54,0,55,43250,chi114u
Fluffy Gangsters,24,8,0,16,42009,fluffy-gangsters
Wings Gaming,2,1,0,1,40550,kktv8084
Red Reserve,165,83,11,71,40348,red-reserve
Hard Legion Esports,91,47,1,43,40000,hard-legion-esports
LLG Gaming,5,2,2,1,40000,llg-gaming
Team Fiend,66,34,0,32,40000,team-fiend
Team Ukraine,26,18,2,6,39974,team15622
Nigma Galaxy Female,21,18,0,3,39508,galaxy-racer-female
INTZ eSports,63,30,0,33,39250,intz-e-sports-csgo
Young Ninjas,74,35,0,39,39125,young-ninjas
Natus Vincere Junior,100,53,0,47,38893,natus-vincere-junior
Chiefs Esports Club,59,22,1,36,37500,chiefs-esports-club3382
The Foundation,124,39,4,81,37391,selfless-pride
x-kom Team,83,32,1,50,37336,venatores665
EPG Family,19,16,0,3,36000,ex-winstrike-1
BIG Academy,42,21,0,21,36000,big-academy
eXtatus,63,24,3,36,35000,extatus1967
Tengri,48,16,6,26,35000,tengri140
Those Damn Canadians,10,5,3,2,33250,those-damn-canadians
Sinners Esports,113,59,0,54,33000,sinners-esports
Mortal Kombat,31,19,0,12,32656,mortal-kombat
FIVE eSports Club,28,9,3,16,32500,five
SZ Absolute,49,22,1,26,32000,sz-absolute1241
Splyce,176,49,11,116,32000,splyce
VeryGames,28,23,0,5,31042,verygames-csgo
Imperial Esports,67,26,2,39,31000,imperial-e-sports
GameAgents,33,10,1,22,30000,gameagents
9z Team,39,19,0,20,30000,9z-team
ALL-IN,7,5,0,2,30000,all-incs
Escape Gaming,31,18,0,13,30000,escape-gaming
Lazarus Esports,17,8,1,8,29500,lazarus-esports
k23,12,7,2,3,29500,k231233
Team Finest,42,22,0,20,28722,team-finest
Flash Gaming,66,31,0,35,28500,flash-gaming
NASR eSports,22,5,1,16,28000,nasr-esports3211
Bravado,43,13,3,27,28000,bravado4227
Польша,28,13,1,14,27370,5178
5Power Gaming,85,36,3,46,27337,5power-club
ESPADA,105,53,0,52,26261,espada
Reason Gaming,73,34,1,38,26055,reason-gaming-cs-go
Nordavind,161,73,0,88,25000,nordavind
500,6,5,0,1,24990,ex-skade
GOSU,13,4,0,9,24625,gosu
x6tence Galaxy,95,45,8,42,24500,x6tence-galaxy
Team Heretics,97,41,0,56,24361,team-heretics-1
1win,89,48,0,41,23000,1win
Fluxo,9,4,0,5,22552,fluxo
New4,36,16,2,18,22500,new4148
Anonymo Esports,97,45,0,52,22019,anonymo-esports
passions,4,1,0,3,22000,passions
Tainted Minds,26,14,0,12,21262,tainted-minds
FCDB Esports,8,3,0,5,21000,fcdb-esports-1
Team Renewal,8,3,0,5,20000,team-renewal
Bravado Gaming,22,14,0,8,20000,bravado-gaming
FURIA Esports Female,9,6,0,3,20000,furia-esports-fe
G2 Esports 2vs2,6,5,0,1,20000,g2-esports-2vs23893
Invictus Gaming,13,3,0,10,20000,invictus-gaming-cs
O Plano,17,7,0,10,20000,o-plano
SMASH Esports,53,29,0,24,20000,smash-esports
Team Ancient,21,8,0,13,20000,team-ancient
Аргентина,10,4,0,6,19813,13
DETONA Gaming,21,8,0,13,19420,detona-gaming
Copenhagen Wolves,109,43,16,50,19250,cphwolves-csgo
dreamScape,9,6,0,3,19000,dreamscape6440
Legacy eSports,8,2,0,6,18431,legacy-esports
Epsilon Gaming,181,84,6,91,18000,clan-mystik-cs-go
Team Canada,9,5,0,4,17660,team-canada590
Izako Boars,96,32,0,64,17096,izako-boars
Team Unique,102,49,0,53,16500,unique4829
Double Poney,59,32,0,27,16500,dbl-poney
EXTREMUM,47,20,0,27,16500,extremum
Team Empire,27,12,0,15,16075,empire-csgo
Nexus Gaming,122,49,0,73,16000,nexus-gaming1367
Echo Fox,72,33,0,39,16000,echo-fox-csgo
subtLe,21,5,0,16,16000,subtle8394
WRTP,7,7,0,0,15750,wrtp
Party Astronauts,26,8,0,18,15700,party-astronauts
Rebels,10,5,0,5,15500,rebels5484
Lyngby Vikings,53,22,0,31,15300,lyngby-vikings
Vox Eminor,21,9,2,10,15137,vox-eminor1248
Eclipse,25,7,0,18,15000,eclipse-cs
Astralis Talent,39,13,0,26,15000,astralis-talent
ECSTATIC,38,17,0,21,15000,ecstatic
RES Gaming,7,5,0,2,14750,res-gaming
AGF Esport,51,20,0,31,14748,agf-esport
Bravos Gaming,12,10,0,2,14456,bravos-gaming
Faith Gaming,9,4,0,5,14086,faith-gaming-cs-go
Bad News Bears,52,16,0,36,14000,bad-news-bears
Recca Esports,30,11,2,17,14000,recca-esports7478
Team MAX,25,9,3,13,14000,team-max
XSET,5,3,0,2,14000,xset
Дания,27,19,1,7,13796,2168
Dreamchasers,27,11,1,15,13775,dreamchasers1451
adwokacik,11,3,0,8,13625,adwokacik
Ancient,27,18,0,9,13600,terror-australis
Team LDLC White,21,6,0,15,13500,team-ldlc-white5458
Swole Patrol,84,37,0,47,13000,swole-patrol
Checkmate,9,3,0,6,13000,checkmate
Conquest,18,9,0,9,13000,conquest1930
HYENAS,13,6,0,7,13000,hyenas
NoChance,46,25,0,21,13000,nochance
Wyvern eSports,39,15,0,24,12844,dendd1474
Evolution,4,1,0,3,12750,evolution2382
YeaH! Gaming,20,5,0,15,12696,yeah-gaming
Neverland,2,2,0,0,12500,neverland
ENTERPRISE esports,27,10,0,17,12500,enterprise-esports
Falcons Esports,19,9,0,10,12000,falcons-esports
CSGL,92,43,11,38,12000,dobry-gaming
Nigma Galaxy,45,16,0,29,12000,galaxy-racer-esports
Squared Female,5,3,0,2,12000,squared-female
Team Immunity,29,9,3,17,11500,team-immunity-csgo
Mythic,50,5,0,45,11500,luminosity-gaming8893
Team BLINK,45,26,0,19,11378,team-blink
Quantum Bellator,8,3,0,5,11334,quantum-bellator13
100PingGods,42,19,0,23,11000,100pinggods
FATE eSports,112,41,0,71,10886,fate-esports-1
ex-3DMAX,18,9,0,9,10534,ex-3dmax
dAT Team,52,19,3,30,10500,courage-gaming-cs-go
ENCORE,54,22,2,30,10500,encore1859
ex-Windigo,6,0,0,6,10500,ex-windigo
Rebirth Esports,13,3,0,10,10500,rebirth-esports
Sangal Esports,67,27,0,40,10250,sangal-esports
D13,24,11,0,13,10250,d13
Torqued,23,10,0,13,10220,torqued7314
Blank,0,,,,10034,blank-cs-go
Isurus Gaming,52,20,0,32,10000,isurus-gaming
Belgium,12,6,1,5,10000,belgium
Beşiktaş Esports,6,3,0,3,10000,besiktas-esports-2
Crowns Esports Club,30,11,0,19,10000,crowns-esports-club1238
EHOME,59,27,2,30,10000,ehome-cs-go
LookingForOrg,15,5,0,10,10000,lookingfororg
MIBR Female,4,2,0,2,10000,mibr-female
Nameless,12,7,0,5,10000,nameless
NAVI Javelins,12,8,0,4,10000,navi-javelins
Platinium,10,5,0,5,10000,platinium7827
Rare Atom,8,2,0,6,10000,rare-atom-1
Seed,14,9,0,5,10000,seed7934
Team Sweden,5,2,0,3,10000,team-sweden-1
Wings Up Gaming,11,5,0,6,9896,wings-up-gaming
Team Zero,1,0,0,1,9896,team-zero
Vexed Gaming,114,33,18,63,9592,vexed-gaming
CyberZen,36,21,0,15,9504,cyberzen1422
GoodJob,64,28,0,36,9500,goodjob9998
Alpha Red,32,14,2,16,9500,nspr-gaming8321
Dark Passage,39,17,4,18,9500,dark-passage
ESG!,54,28,3,23,9000,sk-gaming-cs-go
Giants Gaming,42,15,0,27,9000,giants-gaming-1
Outlaws,40,22,1,17,9000,outlaws2439
Team Quetzal,15,5,1,9,8750,team-quetzal4762
Bad News Eagles,35,20,0,15,8740,bad-news-eagles
MVP Academy,0,,,,8700,mvp-academy
against All authority,49,16,0,33,8500,against-all-authority-csgo
Швеция,37,24,2,11,8265,3530
E-RIVALS,2,0,0,2,8265,ez4me
GAMERZONE.gg,2,0,0,2,8150,gamerzone-gg
Comanche,2,0,0,2,8000,comanche7081
Bren Esports,8,4,0,4,8000,bren-esports
Cyber Legacy,20,9,0,11,8000,cyber-legacy-1
Team Spirit Academy,39,18,0,21,8000,team-spirit-academy4233
Tortues Ninja,5,4,0,1,8000,tortues-ninja7945
Worst Players,13,5,0,8,7800,team-phenomenon8992
Method,28,7,1,20,7700,method9697
KKona,7,0,1,6,7500,kkona814
Akuma,35,15,0,20,7500,waitfortag
M1X,7,4,0,3,7500,m1x
Orbit Esport,26,16,0,10,7500,orbit-gaming
Team Kaliber,7,0,0,7,7500,team-kaliber
VG.FlashGaming,20,10,0,10,7500,vg-flashgaming
Россия,21,11,2,8,7311,5886
YaLLa Esports,14,4,1,9,7198,yalla-esports
expert eSport,91,25,11,55,6930,expert-esport
Planetkey Dynamics,50,15,3,32,6838,103832
Ardeont Academy,2,0,0,2,6800,ardeont-academy
Team StRoGo,4,3,0,1,6480,team-strogo
Begrip Gaming,0,,,,6363,begrip-gaming-cs-go
PyRoGEN,0,,,,6335,pyrogen-cs-go
XPC Red,4,2,0,2,6311,xpc-red8653
Goliath Gaming,6,2,0,4,6262,goliath-gaming
FrostFire,10,2,0,8,6250,frostfire
Apeks,97,45,0,52,6000,apeks
BOOM Esports,4,4,0,0,6000,boom-esports-1
Chosen5,16,4,2,10,6000,chosen55263
CNB e-Sports Club,0,,,,6000,cnb-e-sports-club-cs
ex-Titan,2,0,0,2,6000,ex-titan
Flow,22,10,0,12,6000,flow
G3nerationX,11,4,1,6,6000,g3nerationx
High Coast Esports,8,4,0,4,6000,high-coast-esports-1
Japaleno,94,39,0,55,6000,passions-cs
myXMG,30,9,0,21,6000,myxmg4025
New England Whalers,13,4,0,9,5874,new-england-whalers
Millenium,16,4,0,12,5750,millenium-csgo
BPro Gaming,59,26,0,33,5750,bpro-gaming2712
Lucid Dream,20,9,1,10,5500,lucid-dream
INTZ eSports,35,13,0,22,5500,intz-esports-1
KOVA Esports,28,9,0,19,5491,kova-esports
PACT,181,72,0,109,5477,pact
spray'n'pray,18,6,0,12,5406,spray-n-pray8792
ex-Ethereal,11,6,0,5,5240,ex-ethereal
unknown-,11,7,0,4,5200,unknown
OverGaming eSports Club,96,31,3,62,5092,wizards-cs-go
HastaLaVista,0,,,,5000,hastalavista
1337,9,5,0,4,5000,13374977
AGAiN,39,26,1,12,5000,universal-soldiers-cs-go
Avant Gaming,18,7,0,11,5000,avant-garde3153
FaZe Clan 2vs2,4,2,0,2,5000,faze-clan-2vs24244
FRENCH CANADIANS,23,10,2,11,5000,district75759
Ghost Academy,4,2,0,2,5000,ghost-academy
IHC Esports,12,6,0,6,5000,ihc-esports
Leapfrog,2,1,0,1,5000,leapfrog4849
myRevenge e.V.,7,4,0,3,5000,north-star9279
Não Tem Como,20,11,0,9,5000,nao-tem-como
New Happy,3,0,0,3,5000,new-happy
RBG Esports,14,1,0,13,5000,rbg-esports
Reason Gaming Female,21,13,0,8,5000,team-yp-female
Redemption POA,4,0,0,4,5000,redemption-poa
Reflex Esport Club,1,0,0,1,5000,reflex-esport-club
Riot Squad,13,3,0,10,5000,riot-squad
Rise Nation,41,19,3,19,5000,rise-nation959
Risky Gaming,11,5,0,6,5000,risky-gaming289
SLTV.selectah,8,7,0,1,5000,sltv-selectah7966
Space Soldiers 2vs2,5,3,0,2,5000,space-soldiers-2vs25796
Team LDLC.com Female,23,12,0,11,5000,team-ldlc-female7373
VwS Gaming,13,3,0,10,5000,vws-gaming9613
Ze Pug Godz,6,1,0,5,4842,ze-pug-godz5206
Elements Pro Gaming,75,26,0,49,4750,elements-pro-gaming-cs
Denial eSports,42,17,4,21,4527,denial-esports
BEZ ZP,2,1,0,1,4500,bez-zp
North Academy,49,24,1,24,4500,north-academy
Property,80,28,17,35,4430,team-property-csgo
Team Alientech,17,6,0,11,4391,alien-tech
Publiclir.se,36,10,2,24,4100,publiclir-se-cs-go
Wind and Rain,32,14,0,18,4056,wind-and-rain
777 Esports,9,5,0,4,4000,777-esports
ACES,46,15,0,31,4000,aces-csgo
All Gamers,11,3,1,7,4000,allgamers1101
AUGUST,4,2,0,2,4000,august
Demise,21,6,0,15,4000,demise
Dynasty Gaming Female,4,3,0,1,4000,dynasty-gaming-female
EMC,6,3,0,3,4000,emc
Encore ESC,5,2,0,3,4000,encore-esc
Iberian Family,5,2,0,3,4000,iberian-family
MiTH,2,0,0,2,4000,mith
NOFEAR5,12,6,0,6,4000,nofear5
Panda Gaming,12,4,1,7,4000,panda-gaming
Parallax,8,5,0,3,4000,parallax5588
Rugratz,5,1,0,4,4000,rugratz
Selfless,7,4,0,3,4000,selfless6467
Team nxl,15,5,0,10,4000,team-nxl9918
The Gatekeepers,2,1,0,1,4000,the-gatekeepers3899
TIGER,9,7,0,2,4000,tiger
TNC Pro Team,17,5,1,11,3750,tnc-pro-team
Spacestation Gaming,35,6,0,29,3743,spacestation-gaming
Pride Gaming,134,54,3,77,3714,pride-gaming
London Conspiracy Female,5,4,0,1,3650,london-conspiracy-female8344
Acer,5,1,0,4,3500,acer9408
GGWP.pro,27,9,1,17,3500,97club8065
NetcodeGuides.com,3,1,0,2,3500,denial-esports-cs-go
Team Expert Female,8,5,0,3,3400,team-expert-female5214
London Conspiracy,63,22,1,40,3400,h2k-gaming-cs-go
RCTIC eSports,15,4,0,11,3334,epiphany-bolt616
Trident Clan,22,9,0,13,3300,trident-clan-1
Weplay,2,1,0,1,3225,weplay7935
Team Preparation,37,12,2,23,3173,team-preparation
KAV0,2,1,0,1,3150,kav0
HLTV.org Staff,19,17,0,2,3012,hltv-org-staff9859
Team Söderberg &amp; Partners,3,1,0,2,3000,team-soderberg-partners
Ambush Esport Female,3,1,0,2,3000,ambush-esport-female
Argentina,4,1,0,3,3000,argentina6975
AVEZ,65,17,0,48,3000,avez
Beyond Esports,27,9,0,18,3000,beyond
BIG EQUIPA,14,5,0,9,3000,big-equipa
cantwinalan,5,0,0,5,3000,cantwinalan
carboN eSports,3,1,0,2,3000,carbon-esports3228
Case Esports,14,5,0,9,3000,case-esports
.Colombia,10,3,1,6,3000,colombia451
Damage Control,3,0,0,3,3000,damage-control1040
Exertus,6,2,0,4,3000,united5-cs-go
FENNEC,3,0,0,3,3000,fennec1108
Force of Nature,5,2,0,3,3000,force-of-nature74
FrenchFrogs,9,4,0,5,3000,frenchfrogs
HEET,46,25,0,21,3000,heet
KPI Gaming,9,2,0,7,3000,kpi-gaming2385
OFFSET Esports,18,4,0,14,3000,offset-esports
PiTER,15,5,0,10,3000,piter4764
Pnda Gaming,2,0,0,2,3000,pnda-gaming1412
Project C,2,1,0,1,3000,project-c
Swift,3,1,0,2,3000,swift1014
Team Karma,7,4,0,3,3000,team-karma5858
Vireo.pro,8,2,0,6,3000,vireo-pro
W7M Gaming,8,3,0,5,2998,w7m-gaming
Delete,7,2,0,5,2750,delete5815
INDE IRAE eSports,17,9,0,8,2695,inde-irae-esports
Paquetá Gaming,10,6,0,4,2626,paqueta-gaming
XenoDragons,0,,,,2500,xenodragons
Arcade eSports,19,10,0,9,2500,arcade-esports-cs-go
ex-Singularity,4,1,0,3,2500,ex-singularity
HMS,1,1,0,0,2500,hms3413
Nexus,4,2,0,2,2500,nexus119
ONYX,10,5,0,5,2500,onyx
PixelFire Gaming,16,5,2,9,2500,pixelfire-gaming
Team AGG,48,22,1,25,2500,team-agg-pl
Tikitakan,5,3,0,2,2500,tikitakan
Torpedo,30,14,2,14,2500,torpedo
XPC Gaming,16,9,0,7,2500,xpc4606
Германия,15,8,1,6,2500,2200
Канада,11,6,0,5,2500,2216
Кыргызстан,4,1,0,3,2500,935
Норвегия,15,8,1,6,2400,5031
ALSEN Female,12,5,0,7,2300,alsen-female
MAXISAUCISSE,4,0,0,4,2250,maxisaucisse7189
CSGO.ONE,43,14,5,24,2200,team-orbit
Ases e-Sports Club,3,1,0,2,2000,ases-e-sports-club-cs-go
Arcane Wave,2,0,0,2,2000,arcane-wave
Asterion,27,14,0,13,2000,asterion
Binary Dragons,32,11,0,21,2000,binary-dragons
Ethereal,16,8,0,8,2000,ethereal-1
EZskins.com,6,1,1,4,2000,ezskins-com
flowskola,2,0,0,2,2000,flowskola
GamePub.ENTiTY,41,10,1,30,2000,ination-cs-go
HUMMER Esports,7,2,0,5,2000,sao-caetano-esports
Instinct Gaming,2,0,0,2,2000,instinct-gaming
LEGO,7,2,0,5,2000,lego
Lynn Vision Gaming,12,3,0,9,2000,lynn-vision-gaming
Marskalk,5,1,0,4,2000,marskalk
Mindfreak,2,0,0,2,2000,mindfreak-1
nEophyte,2,0,0,2,2000,neophyte1858
Nixuh,2,0,0,2,2000,nixuh
pride,1,0,0,1,2000,pride-1
Rush,31,2,0,29,2000,rush6194
SJ Gaming,133,53,0,80,1950,vitalis7760
Team YP,26,12,0,14,1949,team-youporn
Exertus eSports Female,7,4,0,3,1949,exertus-esports-female
Millenium Ladies,15,6,0,9,1875,millenium-female
Alpha Gaming,7,0,0,7,1800,alpha-gaming
USSR Team,49,12,1,36,1750,ussr-cs-go
RuSh3D,8,7,0,1,1700,rush3d8557
Minttu,5,3,0,2,1600,minttu393
ENSO,9,3,0,6,1600,enso2994
Team LDLC Blue,11,6,0,5,1592,ldlc-blue5208
Red Reserve Female,5,4,0,1,1506,red-reserve-female5706
Ambush,29,5,0,24,1500,ambush9817
c0ntact Gaming,47,15,0,32,1500,c0ntact-gaming
EL1TEGAM3RS1337,3,3,0,0,1500,el1tegam3rs13372443
eParadise Angels,5,4,0,1,1500,eparadise-angels
Game Show,16,7,0,9,1500,game-show3860
Homeless,2,0,0,2,1500,homeless-cs-go
MASONIC,9,2,0,7,1500,masonic
Mock-it Esports,4,2,0,2,1500,mock-it-esports
Rooster,8,4,0,4,1500,rooster
Rynnäkköviikset,6,2,1,3,1500,rynn-kk-viikset5218
Team 3DMAX,20,8,1,11,1500,3dmax-cs-go
Team NKT,4,1,0,3,1500,team-nkt
Third Impact,2,0,0,2,1500,third-impact-1
WINDINGO,1,0,0,1,1500,windingo
Without Warning,3,2,0,1,1400,without-warning
B8 Esports,18,8,0,10,1400,b8-esports
Dark Sided,3,1,0,2,1387,dark-sided4903
HEY,7,5,0,2,1375,hey
PLINK,13,4,0,9,1300,plink-tech
Whatsup,2,1,0,1,1289,whatsup
EDward Gaming,18,6,2,10,1270,edward-gaming-csgo
Exertus,1,0,0,1,1270,exertus9668
INFINITY,15,1,2,12,1250,infinty5472
NEWBELARUS,6,3,0,3,1250,newbelarus
Trasko Esports,8,4,0,4,1243,trasko-esports
EnVyUs Academy,32,16,0,16,1192,envyus-academy7971
Nostalgie,45,12,1,32,1129,nostalgie
Unicorns of Love,78,30,0,48,1100,unicorns-of-love
PARTY,5,2,0,3,1000,party5399
ACE Gaming,5,1,0,4,1000,ace
Budapest Five,38,15,0,23,1000,budapest-five
COMEBACK,3,2,0,1,1000,comeback2363
eClub Brugge,20,6,0,14,1000,eclub-brugge
Entity Gaming,5,1,0,4,1000,entity-gaming
ENZO,10,1,2,7,1000,enzo8297
Esports Club Kyiv,15,5,0,10,1000,esports-club-kyiv
EYESPORTS Female,9,3,0,6,1000,eyesports-female6188
Fragbite.se ,14,8,0,6,1000,fragbite-se-3440
G1 Gaming,2,1,0,1,1000,g1-gaming
Genuine Gaming,3,0,0,3,1000,genuine-gaming-1
GORILLAZ,3,1,0,2,1000,gorillazzz
Ground Zero Gaming,12,4,0,8,1000,ground-zero-gaming
Helsinki REDS,0,,,,1000,helsinki-reds
HONORIS,36,10,0,26,1000,honoris
ImPerium Esports,5,0,0,5,1000,imperium-esports
LGR,13,6,0,7,1000,lgr819
Long Amazing Zebra Ears,2,0,0,2,1000,long-amazing-zebra-ears
M1 EDEN,2,0,0,2,1000,m1-eden
myXMG Staff,7,6,0,1,1000,myxmg-staff6578
North 2vs2,7,4,0,3,1000,north-2vs24925
PANTHERS Gaming,18,10,0,8,1000,the-panthers
RANKS,5,3,0,2,1000,ranks2667
Recursive,2,1,0,1,1000,recursive5528
Revolution,4,0,0,4,1000,revolution
Team Expert,14,8,0,6,1000,team-heaven7163
TEAMSWAGYOLO,6,1,0,5,1000,teamswagyolo
TSG,2,0,0,2,1000,tsg
WINSIDE eSports,11,5,0,6,1000,winside-esports
xPlayers,1,0,0,1,968,xplayers1658
Awsomniac,2,0,0,2,862,awsomniac
Red Instinct,2,0,0,2,862,red-instinct4178
WE GOT GAME,2,0,0,2,758,we-got-game4135
Havan Liberty,7,3,0,4,758,havan-liberty-1
Meta Gaming,6,3,0,3,758,meta-gaming-2
Santos e-Sports,7,3,0,4,758,santos-e-sports
Windigo Academy,18,7,0,11,750,windigo-academy
Clutchit.org,3,2,0,1,750,clutchit-org8488
Mazaalai,6,4,0,2,700,mazaalai
Enemy,20,7,2,11,700,enemy1462
Games Academy,10,6,0,4,680,games-academy1176
PANTERS,9,1,3,5,670,panters6910
zARLANS,9,1,0,8,650,zarlans4528
ESC Gaming,48,16,3,29,558,esc-gaming
GreyFace,7,0,0,7,558,greyfacenospace3237
Lilmix,21,6,0,15,550,lilmix
RCTIC,3,1,0,2,500,rctic3853
1GAME.ua,14,9,0,5,500,1game-ua6015
5balls,17,4,0,13,500,5balls
Armata,6,1,0,5,500,armata8131
ASG,20,8,0,12,500,ave
Dire Wolves,4,2,0,2,500,dire-wolves-1
DizLown,9,3,0,6,500,dizlown8729
GOSLTV,9,5,0,4,500,sltv-squad4789
k1ck eSports Club,79,30,2,47,500,k1ck-cs-go
Manatee eSports,9,5,0,4,500,manatee-esports4993
Monolith Gaming,28,10,1,17,500,monolith-gaming
tba.Ladies,3,2,0,1,500,tba-ladies
Tempest,3,2,0,1,500,tempest6315
Temp.no,18,6,0,12,400,epiphany-bolt4409
eXplosive,9,0,0,9,390,explosive
ALSEN Team,6,3,1,2,375,alsen-team-cs-go
quest,4,1,0,3,350,quest
NoobTubers,7,5,0,2,321,noobtubes3032
Playing Ducks,18,4,0,14,318,playing-ducks-cs-go
Orbit Female,3,0,0,3,304,orbit-female
Winterfox,114,28,5,81,284,winterfox-cs
BD.ECHO,5,2,0,3,284,bd-echo
Bears e-Sports,3,0,0,3,284,bears-e-sports
Furious Gaming,7,2,0,5,284,furious-gaming-1
Jaguares Esports,4,1,0,3,284,jaguares-esports-1
Keyd Stars,11,3,0,8,284,keyd-stars9566
SWS Gaming,6,2,0,4,266,sws-gaming
G2 Esports.es,0,,,,260,g2-esports-es
RedWinged,7,0,2,5,200,knr4659
Team Refuse,5,1,0,4,177,team-refuse-cs-go
NOVA eSports,3,1,0,2,64,makemistake7981
Team Lioncast,0,,,,,team-lioncast
,0,,,,,-1
00 Prospects,2,1,0,1,,00-prospects
0to100,1,0,0,1,,0to100
/10/,0,,,,,10
/10/ ,0,,,,,10-
123,0,,,,,1232523
123team,0,,,,,123team
123team,3,1,0,2,,123team503
1337HUANIA,0,,,,,1337huania
1337HUANIA,31,12,0,19,,playing-ducks-int5419
1A Steven Seagal Fan Club,0,,,,,1a-steven-seagal-fan-club
1bullet,0,,,,,1bullet2458
1PIN,1,0,0,1,,1pin
1shot,4,2,0,2,,1shot-1
1st eSports,0,,,,,1st-esports
1uke and co,0,,,,,1uke-and-co9156
20.03.2013,0,,,,,20032013
247 eSports,0,,,,,247-esports
24BHB,0,,,,,24bhb9018
2990 Esports,5,3,0,2,,2990-esports
2byl9,3,1,0,2,,2byl9
2ez Gaming,0,,,,,2ez-gaming
31337,0,,,,,31337
31337 eSPORTS,0,,,,,31337-esports
34united,0,,,,,34united7149
3CIS2EU,1,0,0,1,,3cis2eu
3 NEW 2 OLD,2,0,0,2,,3-new-2-old3443
3R2L,0,,,,,3r2l
3sUP,8,2,0,6,,3sup3148
420pm,0,,,,,420pm
42N,2,1,0,1,,42n4604
44,0,,,,,448872
4dimensioN eTROVE,0,,,,,4dimension-etrove2178
4EJIHABAELLIOT,1,0,0,1,,4ejihabaelliot
4glory Esports,10,4,0,6,,4glory-esports
4Kings,0,,,,,4kings-cs-go
4spb,0,,,,,4spb5863
4ucToHano6egky,1,0,0,1,,4uctohano6egky
4US Esports,2,1,0,1,,4us-esports
4w,0,,,,,4w
5Aces eSport,0,,,,,5aces-esport7165
5CORE.RED,0,,,,,5corered
5FRAGS.ORG,11,5,0,6,,5frags-org3425
5Peaks,0,,,,,5peaks
6e3t9n,2,0,0,2,,6e3t9n
6Sense,0,,,,,6sense8670
76WARRIORS,1,0,0,1,,76warriors4688
777 Esports,1,0,0,1,,777-esports-1
7Kings,0,,,,,7kings1562
8EASY,3,1,0,2,,8easy
99dmg.de,10,4,0,6,,99dmg-de9823
99DMG-Juniorbots,4,2,0,2,,99dmg-juniorbots8963
99problems,0,,,,,99problems
9INE,19,9,0,10,,9ine
9 Pandas,1,1,0,0,,9-pandas
a2g,0,,,,,a2g
abc1234,0,,,,,abc12349556
Above the Rest,3,0,1,2,,above-the-rest4307
Absolute,0,,,,,absolute
Absolute Legends,0,,,,,absolute-legends-cs-go
ACE Gaming,0,,,,,ace-gaming
ACES Female,0,,,,,aces-female
ACG,15,7,0,8,,acg2531
ACGaming,0,,,,,acgaming
Acme Exclamation,1,0,0,1,,acme-exclamation5525
Action Live,0,,,,,action-live2657
Adaptation,1,0,0,1,,adaptation1513
Adaptation,0,,,,,adaptation
ADD,0,,,,,add
ad hoc gaming,6,2,0,4,,ad-hoc-gaming
AdskiyRazgon,1,0,0,1,,adskiyrazgon
Aequus Club,10,5,0,5,,aequus-club
aera,0,,,,,aera4600
Aesthetic,0,,,,,aesthetic1218
Afterall Gaming,0,,,,,afterall-gaming-cs-go
After Your Ego,2,1,0,1,,after-your-ego4571
A-Gaming,7,0,0,7,,a-gaming-cs-go
AGENT,0,,,,,agent5513
Agoge e-Sports,1,0,0,1,,agogr-e-sports
AIE Gaming,0,,,,,aie-gaming
Aim4R Gaming,2,0,0,2,,aim4r-gaming
Aim.Attack,1,0,0,1,,aim-attack
aimclub,0,,,,,aimclub
aimface,0,,,,,aimface
Aim High,0,,,,,aim-high2384
Airwalk,0,,,,,airwalk9551
Airwalkers,0,,,,,airwalkers
Ajax eSports,1,0,0,1,,ajax-esports4095
ajukreizi,1,0,0,1,,ajukreizi9937
ajuri,0,,,,,ajuri
ak-47,0,,,,,ak-47
Akins,0,,,,,akins7740
AKOPALIPSA,7,1,0,6,,akopalipsa
A LA MIX,3,0,0,3,,a-la-mix9250
Alientech.black,0,,,,,alientechblack
AlienTech.br,0,,,,,alien-tech-br
alla birsa,1,0,0,1,,alla-birsa
All Gamers Young,2,0,0,2,,all-gamers-young
ALL IN,0,,,,,all-in
ALL IN,1,0,0,1,,all-in1800
All-Stars Europe,0,,,,,all-stars-europe7332
allStars Gaming,6,2,0,4,,allstars-gaming
All-Stars NA,0,,,,,all-stars-na4785
alltheRAGE.FTW,0,,,,,alltherage-ftw5226
Alpha Republic of Esport Female,4,3,0,1,,ares-female
Alter Your Ego,1,0,0,1,,alter-your-ego
Altima,3,0,0,3,,altima
aM,0,,,,,am
Amazing Gaming,0,,,,,amazing-gaming
Ambition Gamers,0,,,,,ambition-gamers
Americas All-Stars,1,1,0,0,,americas-all-stars4789
AMNESIA,0,,,,,amnesia
AMOX Gaming e.V.,0,,,,,amox-gaming-ev
AMPLITUDE,0,,,,,amplitude
Anata,0,,,,,anata
Anexis,0,,,,,anexis-cs-go
Anges Big Toe,2,0,0,2,,anges-big-toe
Anima,2,0,0,2,,anima7660
ANIMALS,0,,,,,animals-2
Animal Squad,0,,,,,animal-squad
ANIMEplusW,6,3,0,3,,animeplusw
ANIXIA eSports,0,,,,,anixia-esports
ANOX,10,3,0,7,,anox
ANT,0,,,,,ant
ANTI ECO CLUB,0,,,,,anti-eco-club
Anti Eco Eco Club,0,,,,,anti-eco-eco-club5614
Anti Lilly,0,,,,,anti-lilly1591
Anubis,4,0,0,4,,anubis6281
AON.Esports,0,,,,,aonesports
Apeks Rebels,4,3,0,1,,apeks-rebels
Apoka Academics,0,,,,,apoka-academics
APOLOGIS Esport,1,0,0,1,,apologis-esport
Aposis,1,0,0,1,,aposis9617
Aquiver eSports,0,,,,,aquiver-esports
Arcade eSports,12,2,4,6,,worst-players
ArchAngels,2,0,0,2,,archangels4213
ArchAngels,9,3,0,6,,csgo2x5827
ArchNemesis,0,,,,,archnemesis3028
Arctic eSports,5,2,0,3,,arctic-esports
Arctic Gaming,0,,,,,arctic-gaming
Ardeont,0,,,,,ardeont
Area08,3,1,0,2,,area08
Area 51 Gaming,0,,,,,area-51-gaming
Area51 Gaming,0,,,,,area51-gaming
Arena Bulls,3,1,0,2,,arena-bulls
Arena League,0,,,,,arena-league9766
Arenazero.net,3,1,0,2,,arenazero-net7252
ARES,1,0,0,1,,ares
are you a wizard?,0,,,,,are-you-a-wizard
ArkAngel Pro Team,3,1,0,2,,arkangel-pro-team
ArkAngel Pro Team.Female,3,0,0,3,,arkangel-pro-team-female
Armada Esports,0,,,,,armada-esports
Army5 Gaming,0,,,,,army5-gaming
Art of cyber game,4,1,1,2,,art-of-cyber-game3760
Art of Cybergame,0,,,,,art-of-cybergame
ARYO Gaming eSports,0,,,,,aryo-gaming-esports1270
Ascendancy,0,,,,,ascendancy
Ascendia,0,,,,,ascendia6599
Ascent Esports,0,,,,,ascent-esports
asdfasdasf,0,,,,,asdfasdasf
Asian Team,0,,,,,asian-team
Assassins in Miniskirts,0,,,,,assassins-in-miniskirts851
Asterisk,3,0,0,3,,asterisk
Astral Influence,2,0,0,2,,astral-influence
Astralis Female,6,2,0,4,,astralis-female
Asus Cyberzone,0,,,,,asus-cyberzone
ATB Gaming,1,0,0,1,,atb-gaming373
AT FINEST,0,,,,,at-finest5801
AT Gaming,0,,,,,at-gaming-cs-go
Athletico Esports,11,4,0,7,,athletico1671
Athletico Female,3,1,0,2,,athletico-female5274
ATK.gg,2,0,0,2,,atk-gg
Atlantis,0,,,,,atlantis8968
Atlants Gaming,16,6,0,10,,atlants-gaming
attackiereN,0,,,,,attackieren
AURA,7,1,0,6,,aura
Aurora Gaming,8,2,0,6,,aurora-gaming
Aurora.RaidCall,0,,,,,auroraraidcall
Authentik-Gamers,0,,,,,authentik-gamers
Available!,0,,,,,available
Avalanche GG,0,,,,,avalanche-gg
AVANGAR Q,1,0,0,1,,avangar-q
AVANGAR Staff,11,10,1,0,,avangar-staff
Avengers,0,,,,,avengers
Avenue,0,,,,,avenue1644
average25iqbutheadshots,1,0,0,1,,average25iqbutheadshots
Aviato,0,,,,,aviato
A Walk To Remember,2,1,0,1,,a-walk-to-remember2873
AWESOME,0,,,,,awesome-cs-go
AWTR,0,,,,,awtr4143
AXES,0,,,,,axes916
AZIO Esports,6,4,1,1,,azio-esports
azizz,0,,,,,azizz
B4 Esports,2,1,0,1,,b4-esports
Babos,0,,,,,babos
Baclerbi,2,1,0,1,,baclerbi
Baden-Wurttemberg ,0,,,,,baden-wurttemberg-
Badger,0,,,,,badger3954
Badger eSports,0,,,,,badger-esports4660
Bad Karma,0,,,,,bad-karma
Bad Monkey Gaming,6,1,0,5,,bad-monkey-gaming
baghlan,1,0,0,1,,baghlan1178
Balderisnor,1,0,0,1,,balderisnor
Ballmix,0,,,,,ballmix
Bananaboat,0,,,,,bananaboat
Bango-I-Karise,0,,,,,bango-i-karise261
bankaPEPSI,16,5,0,11,,bankapepsi
Banned-Brigade,0,,,,,banned-brigade
barbiesize,0,,,,,barbiesize6959
Barely Positive,0,,,,,barely-positive
BATTLEHALL,0,,,,,battlehall6712
BBSP,1,0,0,1,,bbsp
Beacon eSports,2,0,0,2,,beacon-esports4454
BEBRA,5,1,1,3,,bebra
Bee's Money Crew,0,,,,,bee-s-money-crew5540
Bee's Money Crew,0,,,,,bees-money-crew
beGenius,7,3,0,4,,begenius
belali,0,,,,,belali
benched,3,0,0,3,,benched-1
BenchedHeroes,4,2,0,2,,benchedheroes
Ben's Anime Team,2,1,0,1,,bens-anime-team
Berzerk,6,2,0,4,,berzerk9928
Best Boniatos Ever,2,0,0,2,,best-boniatos-ever
Beyond.Maple Club,0,,,,,beyondmaple-club
beznadejdi,2,0,0,2,,beznadejdi
BEZ ZP,9,4,0,5,,bez-zp-1
BGDonLINE,0,,,,,bgdonline
BHOP Esports,3,1,0,2,,bhop-esports
Big Frames,4,3,0,1,,big-frames
Big Gods,0,,,,,big-gods
BigTime Regal,4,1,0,3,,bigtime-regal
Big Time Regal Gaming,7,3,0,4,,big-time-regal-gaming
BigTime Regal.IMBA,10,4,0,6,,bigtime-regal-imba
Binary Dragons Female,5,3,0,2,,binary-dragons-female198
Binary Dragons Gold,3,1,0,2,,binary-dragons-gold
Bitchbouncer,0,,,,,bitchbouncer6269
bitcoins,0,,,,,bitcoins
bivaetitak,1,0,0,1,,bivaetitak1090
Bizarre Gaming,2,0,0,2,,bizarre-gaming
Black Dragons e-Sports,2,1,0,1,,black-dragons-e-sports
BlackDragons e-Sports,0,,,,,blackdragons-e-sports
Black Dragons Female,3,1,0,2,,black-dragons-female
Black Ravens,0,,,,,black-ravens
Blank,2,0,0,2,,blank
BLAST,0,,,,,blast
Blight Gaming,0,,,,,blight-gaming
Blight Gaming,5,0,0,5,,blight-gaming6347
BLINKD,2,0,0,2,,blinkd
BlinkDagger,2,1,0,1,,blinkdagger
BLUEJAYS,31,15,1,15,,bluejays
BLUEJAYS International,9,2,0,7,,bluejays-international
bluuuuud,0,,,,,bluuuuud
BMTH,2,0,0,2,,bmth
BOF Gaming,0,,,,,bof-gaming5583
Bojestvata,7,3,0,4,,bojestvata
BOOM ID,1,0,0,1,,boom-id
B.O.O.T.cn,9,3,0,6,,boot398
Bootkamp Gaming,3,2,0,1,,bootkamp-gaming
BOOYAKA,3,1,0,2,,booyaka4328
Born in Mongolia,0,,,,,born-in-mongolia
Born Of Fire,17,6,1,10,,born-of-fire4265
Born on Fire,0,,,,,born-on-fire
BOSSHAFT,0,,,,,bosshaft
BOT,2,0,0,2,,bot2728
BOTIDA DE COCO,2,1,0,1,,botida-de-coco73
Botka Boyz,3,2,0,1,,botka-boyz2414
Bouchon,1,0,0,1,,bouchon1454
boxr,5,2,0,3,,boxr
Boys in Blue,16,2,0,14,,boys-in-blue
Brasil Gaming House,2,1,0,1,,brasil-gaming-house
Bratja Stereo,0,,,,,bratja-stereo5745
Brazen,1,0,0,1,,brazen
BRB20,0,,,,,brb20
brbdmalite,1,0,0,1,,brbdmalite
Breakaway,6,3,0,3,,breakaway
Breakaway Esports,0,,,,,breakaway-esports
Bremen,0,,,,,bremen
Brewtopia eSports,0,,,,,brewtopia-esports
Bring Me The Horizon,1,0,0,1,,bring-me-the-horizon
Broken Alliance,2,0,0,2,,broken-alliance2637
Brussels Guardians,0,,,,,brussels-guardians-cs-go
BRZINA,1,0,0,1,,brzina
b.s3x,0,,,,,bs3x
BSE,0,,,,,bse6637
BST,0,,,,,bst5781
BTR,2,0,0,2,,btr
buaksib,4,1,0,3,,buaksib
Budapest Corvini,0,,,,,budapest-corvini
BuggIT,2,1,0,1,,buggit4564
Bulldozer,0,,,,,bulldozer192
BUND,2,0,0,2,,bund
Bunkergg,0,,,,,bunkergg7781
Bushido boyz,3,0,0,3,,bushido-boyz
Butchers,0,,,,,butchers2728
bUukLubBeN,0,,,,,buuklubben
BuyKey,0,,,,,buykey-cs-go
BX3 eSports Club,1,0,0,1,,bx3-esports-club
BZSX,1,0,0,1,,bzsx8218
C4 Gaming,3,1,0,2,,c4-gaming
CADIEM eSports Club,0,,,,,cadiem-esports-club
Camel Riders,7,5,0,2,,camel-riders
Candy Camel,0,,,,,candy-camel3305
CARAMBA,0,,,,,caramba
Carnage Esports Female,7,1,1,5,,carnage-esports-female
Carpe Diem,3,1,0,2,,carpe-diem
Casaless,0,,,,,casaless
Cascade Esports,0,,,,,cascade-esports-2
catman,2,0,0,2,,catman
cats,3,1,0,2,,cats
CAZ eSports,0,,,,,caz-esports
CAZ eSports,6,0,0,6,,caz-esports5655
CAZ eSports,0,,,,,caz-esports3580
CDAY-gaming,0,,,,,cday-gaming5296
CeX,5,2,0,3,,cex3784
CeX,0,,,,,cex
CHAOS,0,,,,,chaos-cs
CHATSH8GETBANGD,0,,,,,chatsh8getbangd
Check6,0,,,,,check68465
Check-Point,1,0,0,1,,check-point2583
CHECKSIX,0,,,,,checksix5233
Chetz Esports,1,0,0,1,,chetz-esports
Chiefs ESC,0,,,,,chiefs-esc
Chill Guys,0,,,,,chill-guys
ChillTeam,0,,,,,chillteam
ChillTeam ,0,,,,,chillteam-
China Gd,0,,,,,china-gd
Chocolates and Beers,3,1,0,2,,chocolates-and-beers
Choke Gaming,0,,,,,choke-gaming6142
chosen,0,,,,,chosen1263
Chris and the boys,1,0,0,1,,chris-and-the-boys
Chrome Gaming,16,6,0,10,,ex-findictus2268
Chupacabras,0,,,,,chupacabras7886
Cipangu.GO,0,,,,,cipangu-go
Circa eSports,0,,,,,circa-esports
circo,7,3,0,4,,circo
cismix,2,1,0,1,,cismix
Citadel Gaming,0,,,,,citadel-gaming
Clan Mystik,2,0,0,2,,clan-mystik5146
Clan-Mystik,0,,,,,clan-mystik
Clansuche,0,,,,,clansuche
CLASS1,1,0,0,1,,class11040
CLEAR,0,,,,,clear
CLG Academy,2,0,0,2,,clg-academy5616
CLG Green,2,1,0,1,,clg-green
Coast,0,,,,,coast3899
Coastless,0,,,,,coastless994
Codewise Unicorns,8,0,0,8,,codewise-unicorns
Conquer Gaming,7,2,1,4,,conquer-gaming5295
Contra Omnia,0,,,,,contra-omnia
Control,6,1,0,5,,pork
cooL Gaming,0,,,,,cool-gaming
coREA,2,0,1,1,,corea4952
Corinthians Esports,2,0,0,2,,corinthians-esports
Corvidae,5,1,0,4,,corvidae
Coscu Army,0,,,,,coscu-army
Counter Logic Gaming Academy,2,1,0,1,,counter-logic-gaming-academy568
Courage,0,,,,,courage6275
Courage Gaming,0,,,,,courage-gaming6684
cowana Gaming,6,1,0,5,,cowana-gaming-1
Coyotes,0,,,,,coyotes3296
cpavky,5,3,0,2,,cpavky
CPLAY,0,,,,,cplay
CPLAY,3,1,0,2,,cplay3111
CPLAY.Tt,0,,,,,cplay-cs-go
Crack Shots,0,,,,,crack-shots9813
Crazy Killerz,1,0,0,1,,crazy-killerz
Crew e-Sports Female,0,,,,,crew-e-sports-female1011
Cringe Gods,7,5,0,2,,cringe-gods
CrowCrowd,5,1,0,4,,crowcrowd-6
Crowns ESC Female,8,2,0,6,,crowns-esc-female2335
Cruzeiro Esports,2,0,0,2,,cruzeiro-esports
Crystal Bears Female,2,0,0,2,,crystal-bears-female
CS00,0,,,,,cs008358
CSGO2x.com,0,,,,,csgo2xcom
CSGOatse,0,,,,,csgoatse
CS:GOetter,0,,,,,cs-goetter2835
CSGOEvo White,0,,,,,csgoevo-white
CSGO-Saloon,2,0,0,2,,csgo-saloon7351
CT,1,0,0,1,,ct6885
Ctrl-Z,0,,,,,ctrl-z6785
Cucumber Water,0,,,,,cucumber-water3446
cuLtivation,0,,,,,cultivation
Curse These Metal Hands,0,,,,,curse-these-metal-hands
Cursive,3,1,0,2,,cursive3391
CyberEA,1,0,0,1,,cyberea
CYBERSABLE,5,1,0,4,,cybersable
Cybersport.pl,1,0,0,1,,cybersport-pl3648
Cyborg Factory,0,,,,,cyborg-factory
Cyclone,1,0,0,1,,cyclone
CZingY,0,,,,,czingy
d00m,1,0,0,1,,d00m
D4rkS1de Female,2,0,0,2,,d4rks1de-female3046
D7G Esports Club,2,0,0,2,,d7g-esports-club
Dabers,1,0,0,1,,dabers
Dai Dai Gaming Blue,0,,,,,dai-dai-gaming-blue
DAMN-IT,0,,,,,damn-it
Dank Deaglez,4,0,0,4,,dank-deaglez9422
DaOrglessBoyz,0,,,,,daorglessboyz
Dare2Dream,0,,,,,dare2dream466
dd,5,2,0,3,,dd3314
DeadPixels,2,0,0,2,,deadpixels-csgo
Deadweight,3,0,0,3,,deadweight1970
Death.Energy,2,1,0,1,,death-energy5441
Death Trap e-Sports,0,,,,,death-trap-e-sports
DeepDarkDanger,4,1,0,3,,deepdarkdanger9826
DEEZ NUTS,3,1,0,2,,deez-nuts9376
Defining Stars,0,,,,,defining-stars6882
Defusekids,11,3,0,8,,defusekids8503
DEMGUNZ,0,,,,,demgunz9250
demise.no,0,,,,,demiseno
Demolition Crew,27,10,0,17,,demolition-crew
Demon eSports,0,,,,,demon-esports1847
DenDD,0,,,,,dendd
DenDD,3,1,0,2,,dendd2074
denied,1,0,0,1,,denied1042
Deponeret,0,,,,,deponeret
Dereguedere,0,,,,,dereguedere
Desempregados,0,,,,,desempregados
Desperados,1,0,0,1,,desperados2486
Dethrone,0,,,,,dethrone
Devcat,0,,,,,devcat
Devils Advocates,0,,,,,devils-advocates2161
devils.one,20,12,1,7,,devils-one
Devious,0,,,,,devious7199
Dexterity,0,,,,,dexterity
Dexterity Team,0,,,,,dexterity-team
DGG Esports,2,0,0,2,,dgg-esports-1
DICKHOUSE,1,0,0,1,,dickhouse7454
Dictionary,0,,,,,dictionary1568
Different but equal	,4,1,0,3,,different-but-equal-4936
Digital Chaos,0,,,,,digital-chaos-1
Digital Wave,3,1,0,2,,royal-dragons
Distinct5,0,,,,,distinct5
Distinct5,0,,,,,distinct51649
District 7,0,,,,,district-74007
Divine,0,,,,,devine1256
Divine,1,0,0,1,,divine
DIVIZON,18,9,0,9,,divizon9900
djakuyu,3,2,0,1,,djakuyu
DKSU,0,,,,,dksu1397
Dobrev,0,,,,,dobrev
Dobry&amp;Gaming,0,,,,,dobry-gaming11
Dobry&amp;Gaming,0,,,,,dobrygaming
Doge Esport,0,,,,,doge-esport
Dogmen,0,,,,,dogmen
Don't Trust Anyone,0,,,,,dont-trust-anyone
Don't_Trust_Anyone,0,,,,,donttrustanyone
DoomDayPreppers,0,,,,,doomdaypreppers7282
dope,0,,,,,dope
dopeclvb,2,1,0,1,,dopeclvb
Doral Flamingos e-Sports,0,,,,,doral-flamingos-e-sports
dotpiXels,2,0,0,2,,dotpixels-cs-go
Downstage,0,,,,,downstage
Down to Frag,0,,,,,down-to-frag
Dox-Serv,0,,,,,dox-serv
doyoueven,13,5,0,8,,doyoueven
Dracarys,4,0,0,4,,dracarys
Dragons Esports Club,1,0,0,1,,dragons-esports-club
Dream,2,0,0,2,,dream974
Dream Eaters.,0,,,,,dream-eaters1495
DREAM.RAR,4,0,0,4,,dream-rar3549
DreamSkape,0,,,,,dreamskape
Dream Team,1,0,1,0,,dream-team-1
Dregs,0,,,,,dregs
DropOuts,0,,,,,dropouts
DRUCKWELLE e.V.,0,,,,,druckwelle-ev
Druidz,0,,,,,druidz1176
dtw,0,,,,,dtw
Duffle Bag Men,1,0,0,1,,duffle-bag-men
 dumbDEAD,0,,,,,dumbdead1521
duttdutt,4,1,0,3,,duttdutt3864
Dynamo Eclot,18,7,0,11,,dynamo-eclot
Dynamo Gaming,0,,,,,dynamo-gaming
Dynasty e-Sports,1,0,0,1,,dynasty-e-sports
Eagles-Gaming,0,,,,,eagles-gaming186
Eanix,4,2,0,2,,eanix2421
Earthquake Gaming,0,,,,,earthquake-cs-go
Eastern Giants,1,0,0,1,,eastern-giants
Eastern Mysterious Power,1,0,0,1,,eastern-mysterious-power636
Eastern Vikings,0,,,,,eastern-vikings
EASY4,0,,,,,easy41979
EASYPLAY,0,,,,,easyplay
Eat You Alive,3,1,0,2,,eat-you-alive4638
eBettle,17,6,1,10,,inshock5129
eclcats,0,,,,,eclcats
 Eclipse GG,0,,,,,eclipse-gg6172
Eclipse.one,0,,,,,eclipse-one
ECO COBRAS,2,1,0,1,,eco-cobras5049
E-Corp Bumpers,0,,,,,e-corp-bumpers
EDENFUN Gaming,2,0,0,2,,edenfun-gaming
EDG,0,,,,,edg2321
E-Frag,2,0,0,2,,e-frag-cs-go
Efrag.net,7,4,0,3,,efrag-net8885
E-Frag.net,13,8,0,5,,e-frag-net1014
eFrog,0,,,,,efrog
eFuture,6,1,1,4,,efuture
eFuture Beijing,0,,,,,efuture-beijing
eFuture.dk,24,12,0,12,,efuture-dk
EGB.com,1,0,0,1,,egb-com3275
EG Black,0,,,,,evil-geniuses-cd
EG White,8,3,0,5,,eg-pa
EHOME.Female,4,2,0,2,,ehome-female1664
EHOME.Victory,0,,,,,ehomevictory
einheit,0,,,,,einheit
ELAKELAISET,0,,,,,elakelaiset5563
Electronik Generation,0,,,,,egeneration6962
Elite-Fighters,0,,,,,elite-fighters
Elite Wolves,4,0,0,4,,elite-wolves1193
eL'quvet,0,,,,,elquvet
eL'quvet,13,5,0,8,,el-quvet1631
EMA,0,,,,,ema
EMA(Teammate),0,,,,,emateammate
EMP,3,1,0,2,,emp9693
Empyreal eSports,0,,,,,empyreal-esports2663
En9my Team,1,0,0,1,,en9my-team
Energy eSports,9,0,0,9,,energy-esports
Energy Pacemaker,3,0,1,2,,energy-pacemaker137
Enervate Gaming,0,,,,,enervate-gaming
Enigma6 Group,5,2,0,3,,enigma6-group2626
ENRAGE,3,1,0,2,,enrage
EnRo Griffins,0,,,,,enro-griffins480
ENSOX,0,,,,,ensox
Entity eSports,1,1,0,0,,entity-esports5149
Entropiq Queens,6,0,0,6,,entropiq-queens
EnVision eSports.NA,0,,,,,envision-esportsna
ENY0,2,0,0,2,,eny0
Enyoy,19,4,1,14,,enyoy
EOU,0,,,,,eou710
epicblastt,0,,,,,epicblastt1943
Epicedium E-Sports,0,,,,,epicedium-e-sports1041
Epiphany Bolt,0,,,,,epiphany-bolt
EpsiIon eSports,0,,,,,epsiion-esports5224
Epsilon France,0,,,,,epsilon-france
Epsilon Hype,2,0,0,2,,epsilon-hype
Epsilon Ladies,2,0,0,2,,epsilon-ladies
ePz,0,,,,,epz
Equals,1,0,0,1,,equals
equipa,1,1,0,0,,equipa
Equipe Auvergne,0,,,,,equipe-auvergne
es,0,,,,,es
es ,0,,,,,es-
es4x,6,1,0,5,,es4x582
ESPADA Staff,11,8,1,2,,espada-staff
eSport Engine Female,5,3,0,2,,esport-engine-female9380
EsportsAdviser,0,,,,,esportsadviser
eSportsLab Black,4,2,0,2,,esportslab-black9381
eSpuma,0,,,,,espuma1448
eSuba,19,4,0,15,,esuba9839
eszkeere,1,0,0,1,,eszkeere
Etab,3,1,1,1,,etab
Eteng,0,,,,,eteng
Eternal Esports,0,,,,,eternal-esports5144
Eternal Fire Academy,9,3,0,6,,eternal-fire-academy
eternal Playerz,0,,,,,eternal-playerz
Eternity Gaming,0,,,,,eternity-gaming-cs-go
ETHEREAL NA,7,4,0,3,,ethereal
Etherian E-Sports,1,0,0,1,,etherian-e-sports
EU4IA,2,1,0,1,,eu4ia9435
EU4IA,0,,,,,eu4ia
Europe All-Stars,1,0,0,1,,europe-all-stars1962
European Misfits,0,,,,,european-misfits
eveRize,0,,,,,everize
EveryBodyDance,4,2,0,2,,everybodydance
EVG-Serv,0,,,,,evg-serv
Evidence e-Sports,0,,,,,evidence-e-sports
Evilvice Black,0,,,,,evilvice-black4155
EvK,0,,,,,evk
Evokate,3,1,1,1,,evokate9958
Evolution.Dark,0,,,,,evolutiondark
Evolution.Light,0,,,,,evolutionlight
EVOPLAY,0,,,,,evoplay
eXanimo,0,,,,,exanimo
ex-Astral Authority,1,0,0,1,,ex-astral-authority7736
ex-Athletico Esports,0,,,,,ex-athletico-esports
ex-Atmosphere Esports,3,1,0,2,,ex-atmosphere-esports
ex-BEASTS,0,,,,,ex-beasts
ex-beGenius,0,,,,,ex-begenius
ex-beGenius ESC,0,,,,,ex-begenius-esc
exBOTables,1,0,0,1,,exbotables8650
ex-CLG,0,,,,,ex-clg
ex-Conquest,0,,,,,ex-conquest
ex-Cyber Legacy,0,,,,,ex-cyber-legacy
ex-Dark Passage,4,0,0,4,,ex-dark-passage1580
ex-Death Trap,1,0,0,1,,ex-death-trap2678
ex-DIVIZON,4,1,0,3,,ex-divizon
ex-DreamEaters,0,,,,,ex-dreameaters
exDT,0,,,,,exdt
Execration,0,,,,,execration
EXECUTIONERS,0,,,,,executioners-1
ex-eLevate,0,,,,,elevate
ex-En9my Team,0,,,,,ex-en9my-team
Exertus,0,,,,,exertus6794
Exertus eSports,0,,,,,exertus-esports
eXeS,0,,,,,exes6031
eXeS-eSport,0,,,,,exes-esport
ex-EURONICS Gaming,2,2,0,0,,ex-euronics-gaming
ex-Findictus,0,,,,,ex-findictus
ex-Fraternitas,0,,,,,ex-fraternitas
Exgaming,0,,,,,exgaming4451
ex-GearWheel,0,,,,,ex-gearwheel2218
ex-iBUYPOWER,0,,,,,ex-ibuypower
eXire-eSports,0,,,,,exire-esports
ex-Luminosity,2,0,0,2,,ex-luminosity
ex-MAD Lions,3,3,0,0,,ex-mad-lions
ex-Marlian eSports,4,0,0,4,,ex-marlian-esports
ex-Masked Esports,0,,,,,ex-masked-esports
ex-melty Ladies,1,0,0,1,,ex-melty-ladies
ex-Morior Invictus,0,,,,,ex-morior-invictus
ex-Naventic,0,,,,,ex-naventic
ex-Nitrious Gaming,0,,,,,ex-nitrious-gaming
ex-North,0,,,,,ex-north
ex-Orbit,0,,,,,ex-orbit8429
EXOTIC Female,3,1,0,2,,exotic-female6913
Exotic Island,0,,,,,exotic-island3648
ex-Outlaws,8,4,0,4,,ex-outlaws7777
ex-paiN Gaming,3,2,0,1,,ex-pain-gaming8257
Expendables,0,,,,,expendables6239
Expert,5,0,0,5,,expert6625
eXplayerZ,0,,,,,explayerz
EXPLODERS,0,,,,,exploders6961
eXploit Esports,3,0,0,3,,exploit-esports
Express,1,0,0,1,,express
ex-PRIDE,2,0,0,2,,ex-pride
ex-Property,0,,,,,property875
ex-Royal Bandits,1,0,0,1,,ex-royal-bandits
ex-Runtime.gg,4,1,0,3,,ex-runtime-gg
ex-Splyce,3,2,0,1,,ex-splyce
ex-Synthetik Gaming,1,0,0,1,,ex-synthetik-gaming4574
eXtatus,0,,,,,extatus
ex-Team 3DMAX,0,,,,,ex-team-3dmax
ex-Team Cursive,0,,,,,team-cursive-cs-go
Ex-Team Orbit,0,,,,,ex-team-orbit
ex-Team Wild,0,,,,,ex-team-wild
eXtensive!,0,,,,,extensive
EXTREMUM Staff,10,6,0,4,,extremum-staff
ex-Tricked,1,0,0,1,,ex-tricked203
ex-USSR Team,0,,,,,ex-ussr-team
ex-Vega Squadron,0,,,,,ex-vega-squadron
ex-Vexed,4,3,0,1,,ex-vexed
ex-Vikings,2,0,0,2,,ex-vikings
ex-Virtus.pro,2,1,0,1,,ex-virtus-pro
ex-Warriors International,0,,,,,ex-warriors-international
ex-Wild Fire,2,1,0,1,,ex-wild-fire
ex-Wind and Rain,2,0,0,2,,ex-wind-and-rain
ex-Zone Esports,0,,,,,ex-zone-esports
EYEBALLERS,8,4,0,4,,eyeballers
EYES ON U,0,,,,,eyes-on-u-new
EYEsports,9,2,0,7,,eyesports-cs-go
Eyez on me,0,,,,,eyez-on-me
EZG eSports,1,0,0,1,,ezg-esports9122
Ezkatka,0,,,,,ezkatka
ez money crew,1,0,0,1,,ez-money-crew
F1-racecar-PEEK,2,1,0,1,,f1-racecar-peek
FAB Games eSport,0,,,,,fab-games-esport
facefuck,0,,,,,facefuck
Factory Assault Team,1,0,0,1,,factory-assault-team
FAIRYTAIL,0,,,,,fairytail
Faith Unity,0,,,,,faith-unity8482
fakemaquinas,2,1,0,1,,fakemaquinas
Falconax,0,,,,,falconax1429
Falkol e-Sports,0,,,,,falkol-e-sports
Falood Jackson,5,0,0,5,,falood-jackson6146
Fam143,2,0,0,2,,fam143
fan jävla,5,1,0,4,,fan-j-vla9476
FantaShockata,3,2,0,1,,fantashockata
FANTASY,7,2,0,5,,fantasy
Fantazeri,0,,,,,fantazeri7514
Far East Boys,0,,,,,far-east-boys
fbgaming,5,3,0,2,,fbgaming
FBI,1,0,0,1,,fbi6430
FeelsUnderAgeMan,0,,,,,feelsunderageman
Fenix,0,,,,,fenix
Fenix Fire,0,,,,,fenix-fire
FenixGG,0,,,,,fenixgg
Fenux Black,0,,,,,fenux-black7168
FFAmix,2,0,0,2,,ffamix
FibroWeb,0,,,,,fibroweb
Fierce Tiger,9,5,2,2,,fierce-tiger
Final Feature,6,2,0,4,,final-feature9794
Final Feature Gaming,1,0,0,1,,final-feature-gaming
Findictus,0,,,,,findictus
Finis coronat opus,0,,,,,finis-coronat-opus
Finnish Royalty,0,,,,,finnish-royalty5075
Fire Dragoon E-Sports,7,2,0,5,,fire-dragoon413
FiRENATiON,4,1,0,3,,firenation650
firre,0,,,,,firre5408
fish123,4,0,0,4,,fish1237284
FiVe,2,0,0,2,,five-1
_FIVE,0,,,,,five-esports-club480
FIXNATION,0,,,,,fixnation8166
Flaekk,0,,,,,flaekk5256
flaekkeholdet,0,,,,,flaekkeholdet
Flaekkeholdet,0,,,,,flaekkeholdet2818
FLÆKKETID,1,0,0,1,,fl-kketid7415
Flawless,0,,,,,flawless
FlipSid3 Staff,3,1,0,2,,flipsid3-staff3762
Flipside Pugs,0,,,,,flipside-pugs641
Fly Guy Entertainment,0,,,,,fly-guy-entertainment
FM eSports,16,4,0,12,,fm-esports9577
FMESPORTS,0,,,,,fmesports
FM eSports Female,2,0,0,2,,fm-esports-female3850
fm.SAPPHIRE,0,,,,,fm-sapphire
fm.TOXiC,11,3,0,8,,fm-toxic-cs-go
Fnatic Staff,11,5,0,6,,fnatic-staff656
ForceArena Lviv,2,0,0,2,,forcearena-lviv
Forcebuy,0,,,,,forcebuy1997
Formel,3,1,0,2,,formel
?Forsaken E-Sports,0,,,,,forsaken-e-sports
ForTheBoys,2,0,0,2,,fortheboys
Fortius Gaming,0,,,,,fortius-gaming
Forty Six and 2,4,3,0,1,,forty-six-and-2
Forward Gaming,6,1,0,5,,forward-gaming-1
forZe Forever Young,0,,,,,forze-forever-young
forZe.Legends,0,,,,,forze-legends
forZe Staff,10,7,0,3,,forze-staff
FPLC,0,,,,,fplc2946
Fractals,0,,,,,fractals2353
Fraglider.pt,8,3,0,5,,fraglider-pt3887
Frag Machines,2,0,0,2,,frag-machines2924
fragsports.com,2,1,0,1,,fragsports-com4436
frantic,0,,,,,frantic7881
Fraternitas,4,2,0,2,,fraternitas1008
Freaks 4U Gaming,5,2,0,3,,freaks-4u-gaming9487
Free Agents,0,,,,,free-agents
Freedom 35,5,2,0,3,,freedom-35
free TayK-47,0,,,,,free-tayk-478231
Free TON,4,3,0,1,,free-ton
FreshFox eSports Female,2,0,0,2,,freshfox-esports-female
FriendlyFire,16,9,0,7,,friendlyfire
Frizoluszki,0,,,,,frizoluszki
Frost Gaming,0,,,,,frost-gaming-cs-go
fruits,0,,,,,fruits5410
fruits,0,,,,,fruits1103
fruits,0,,,,,fruits7425
Fruits,4,0,0,4,,fruits2652
fSociety,0,,,,,fsociety
FTW,0,,,,,ftw9149
FUAH,0,,,,,fuah
Fuckin'5,0,,,,,fuckin5
Fueguito Gaming,0,,,,,fueguito-gaming
FUGL?,0,,,,,fugl5901
FULL SEND,1,0,0,1,,full-send
Funky Monkeys,0,,,,,funky-monkeys
FURIA Academy,26,4,0,22,,furia-academy
FU.sk,0,,,,,fusk
Fylkir,0,,,,,fylkir
G2A.com,1,0,0,1,,g2a-com7075
Gaimin Gladiators,7,2,0,5,,gaimin-gladiators-1
Galatics E-Sports,1,0,0,1,,galatics-e-sports8136
Gale Force Esports,8,2,0,6,,gale-force-esports7819
Galkynysh,1,0,0,1,,galkynysh
Gambit 2017,1,1,0,0,,gambit-2017
Gambit Staff,9,4,0,5,,gambit-staff
gamed!de,0,,,,,gamedde
Gameinside.ua,4,0,0,4,,gameinside-ua4194
GameKing,0,,,,,gameking
Gameplan,1,0,0,1,,gameplan6877
GameplayDNA,0,,,,,gameplaydna8668
GamePub,8,1,0,7,,gamepub
GamerHouse,0,,,,,gamerhouse
Gamers2,52,15,9,28,,gamers-2-csgo
Gamers2,0,,,,,gamers2
Gamers.com.mt,1,0,0,1,,gamers-com-mt2248
GamersLeague eSports,0,,,,,gamersleague-esports926
games4u,0,,,,,games4u7818
Games4u,1,0,0,1,,games4u4910
Gametime,0,,,,,gametime9689
GameTV,4,0,0,4,,gametv
Gaming.dk,4,2,0,2,,gaming-dk6871
Gamoniac,0,,,,,gamoniac
GANK,0,,,,,gank5667
GATHERS eSports,0,,,,,gathers-esports
Gdansk Lions,0,,,,,gdansk-lions6242
Geduld,2,0,0,2,,geduld1149
Geek Organisation,0,,,,,geek-organisation2301
Generation of Miracles,0,,,,,generation-of-miracles
GenOne,4,2,0,2,,genone
GENS UNA SUMUS,0,,,,,gens-una-sumus
Geostorm,4,2,0,2,,geostorm
GET HIGH,2,1,0,1,,get-high2602
GEX,2,0,0,2,,gex9013
GF-Gaming,0,,,,,gf-gaming-cs-go
Gfinity,1,0,0,1,,gfinity4856
ggrabb,1,0,0,1,,ggrabb9218
GGWP.PRO,0,,,,,denova-gaming-cs-go
ggwp.pro/by/,0,,,,,ggwp-pro-by186
GIANTS,0,,,,,giants
Gicionary,0,,,,,gicionary7205
GirlsLegion,0,,,,,girlslegion
GLADIATORS,4,2,0,2,,gladiators
Glassysky,0,,,,,glassysky
Global Gaming League,0,,,,,global-gaming-league
Glockoma,5,2,0,3,,glockoma
GO4Balkan,2,2,0,0,,go4balkan9429
GO4Bosnia,1,0,0,1,,go4bosnia822
GO4Croatia,1,0,0,1,,go4croatia4555
GO4Serbia,2,1,0,1,,go4serbia7128
Goalie,0,,,,,goalie9529
GODSENT Academy,3,0,0,3,,godsent-academy-csgo
GOGOMYTEAM,0,,,,,gogomyteam7030
GoldenGitte,5,1,0,4,,goldengitte
golden knights,1,0,0,1,,golden-knights
GoldenMix,1,0,0,1,,goldenmix5875
GoodGamePR,1,0,0,1,,goodgamepr
Goodgame.ru,14,9,0,5,,goodgame-ru6989
GoodJob,5,4,0,1,,platoon-alpha
Good People,0,,,,,good-people5911
Good Question,3,1,0,2,,good-question
GoPro Gaming,0,,,,,gopro-gaming
Gorilla Core e-Sports,1,0,0,1,,gorilla-core-e-sports2524
Gorilla Gang,8,4,0,4,,gorilla-gang
Gothboiclique,1,0,0,1,,gothboiclique
GPlay.bg,0,,,,,gplaybg
GRABBARNAGRUS,0,,,,,grabbarnagrus
grandSoldater,0,,,,,grandsoldater5583
granSoldater,0,,,,,gransoldater1845
Granted,3,1,0,2,,granted
grazhtas,5,4,0,1,,grazhtas
Great Britan,7,2,0,5,,1835
Green Town,0,,,,,green-town6073
GreyFaceNoSpace,0,,,,,greyfacenospace
GRGECHI,1,0,0,1,,grgechi
gribs,0,,,,,gribs
GriefMasters,0,,,,,griefmasters
Grinny Bakers,0,,,,,grinny-bakers
Grinny Bankers,0,,,,,grinny-bankers
GROMclan,1,0,0,1,,gromclan
GROND,9,3,0,6,,grond
GRS.GP,0,,,,,grs-gp1616
guccixD,4,2,0,2,,guccixd
Guerilla Method,4,1,0,3,,guerilla-method6237
Guerilla Tactic,1,0,0,1,,guerilla-tactic9900
Guerreros del Mouse,0,,,,,guerreros-del-mouse
Guerrilla Tactics,2,0,0,2,,guerrilla-tactics6097
GUNRUNNERS,2,1,0,1,,gunrunners1318
Gux &amp; Friends,10,3,0,7,,gux-friends334
GX,7,2,0,5,,gx
GymnastIC,0,,,,,gymnastic7964
H$mazters,0,,,,,hmazters
H5 Gaming,5,0,0,5,,h5-gaming6497
haest,0,,,,,haest4669
Hala Ares,2,0,0,2,,hala-ares6287
Ha MaSSe,5,2,0,3,,ha-masse2489
harambeGOD,0,,,,,harambegod5736
Hard4U,5,2,0,3,,hard4u
HardCire,0,,,,,hardcire
HARDIEST,0,,,,,hardiest1569
Hardknocks,0,,,,,hardknocks6548
Hardknocks,0,,,,,hardknocks
hard'N'play,0,,,,,hardnplay
Hardware Arena,0,,,,,hardware-arena
hateMania,0,,,,,hatemania5944
hatersg0nnahate,2,1,0,1,,hatersg0nnahate
hatersGonnahate,0,,,,,hatersgonnahate
Haunted Familly,2,0,0,2,,haunted-familly
Hawks,0,,,,,hawks
Hawks ,0,,,,,hawks-
HD4R,0,,,,,hd4r
Heat,0,,,,,heat1010
Heavy Knockouts,8,3,0,5,,heavy-knockouts
Hegemony,3,1,0,2,,hegemony1244
Hellangels,4,2,0,2,,hellangels2612
Hellraisers.pro,2,0,0,2,,hellraisers-pro5181
HellRaisers Staff,8,1,0,7,,hellraisers-staff
Heretics,0,,,,,heretics343
Heroic 2vs2,3,1,0,2,,heroic-2vs29555
Heroic-eSports,0,,,,,heroic-esports
heroin,0,,,,,heroin7739
HeyGuys,1,1,0,0,,heyguys
HG Clan,5,1,0,4,,hg-clan7111
highgrade,1,0,0,1,,highgrade
HiGHRiSED,0,,,,,highrised
hiGhrollers,1,0,0,1,,highrollers5852
High Rollers Gaming,0,,,,,high-rollers-gaming-cs-go
Hitbox.tv,6,0,0,6,,hitbox-tv175
hmm,1,0,0,1,,hmm5396
Hobro Vikings,0,,,,,hobro-vikings
Hold Mouse One,0,,,,,hold-mouse-one
Hold Mouse One ,0,,,,,hold-mouse-one-
Hold My Purse,0,,,,,hold-my-purse67
HOLLYWOOD,25,9,0,16,,hollywood
Homel3ss,0,,,,,homel3ss
HOMESENT,0,,,,,homesent
HoP eSports,9,5,0,4,,hop-esports
HORMONES,1,0,0,1,,hormones
HOTU,2,1,0,1,,hotu
HS.GG,0,,,,,hs-gg3813
hudzGs TEAM,5,3,0,2,,hudzgs726
HUE1,1,0,0,1,,hue12462
Huehue,0,,,,,huehue
HUH!,2,2,0,0,,huh1573
HUKKA eSports,2,0,0,2,,hukka-esports
HUMMER Esports,3,1,0,2,,hummer-esports
Hungarian Esport TV,4,2,0,2,,hungarian-esport-tv3857
Hungarian Esport TV,0,,,,,wild1749
HWML,3,1,0,2,,hwml
Hybrid,3,1,0,2,,hybrid1064
HyperShots Multigaming,1,0,0,1,,hypershots3602
HyperX FR34KSHOW,0,,,,,hyperx-fr34kshow
Hysteria,6,0,0,6,,hysteria
Iceberg Esports,0,,,,,iceberg-esports1688
icsu,0,,,,,icsu
Idal Lions,0,,,,,idal-lions
IdX Gaming,0,,,,,idx-gaming
iGamerz,1,0,0,1,,igamerz2677
Ignis,8,3,0,5,,ignis
ignite,0,,,,,ignite
Ignite Esport,2,1,0,1,,ignite-esport
ikarus,2,0,0,2,,ikarus
IKLA,3,2,0,1,,ikla
Ildal Lions,0,,,,,ildal-lions
Illuminar Gaming,0,,,,,illuminar-gaming
iLLUMINAYOR,0,,,,,illuminayor4934
IM11,4,1,0,3,,im11
IMBA.SAS,9,3,2,4,,imba-sas
ImbaTV,3,1,0,2,,imbatv
IMOLA,0,,,,,imola7070
Imperial Dragons,2,0,0,2,,imperial-dragons3360
Império Multimédia,0,,,,,imperio-multimedia
Impossible,3,0,0,3,,impossible6330
Impressive Gaming,0,,,,,impressive-gaming
Impulse Gaming Japan,0,,,,,impulse-gaming-japan2138
iNation,14,9,0,5,,ination4139
Incept eSports,0,,,,,incept-esports
INCEPTION,0,,,,,inception2578
inchk1ng,5,2,0,3,,inchk1ng307
Incursion,0,,,,,incursion
Indigo Int.,0,,,,,indigo-int-cs-go
InetGamer,0,,,,,inetgamer
iNETKOXTV,0,,,,,inetkoxtv
iNET koxXx,0,,,,,inet-koxxx
Infamous,10,5,0,5,,infamous-1
Infected Gaming,0,,,,,infected-gaming
Infernal Gamerz,0,,,,,infernal-gamerz
Infernal Paradise,0,,,,,infernal-paradise
Infernum Gaming,0,,,,,infernum-gaming
Infinite Gaming,4,3,0,1,,infinite-gaming
Infinity Esports,14,2,0,12,,infinity-esports
Inflames,0,,,,,inflames
Infused,2,1,0,1,,infused8435
IN.GAME,10,4,0,6,,in-game
Innova e-Sports,4,0,0,4,,innova-e-sports6033
Innova e-Sports,0,,,,,innova-e-sports
inSanitY,0,,,,,insanity
INSHAKER,0,,,,,inshaker
Insidious Gaming,0,,,,,insidious-gaming
Insomnia eSports,0,,,,,insomnia-esports
iNTACT eSports,11,2,0,9,,intact-esports
Into The Breach,14,5,0,9,,into-the-breach-1
Intrepid Fox Gaming,3,0,0,3,,intrepid-fox-gaming
Invictus Aquilas,0,,,,,invictus-aquilas699
Invictus Gaming Int.,3,1,0,2,,invictus-gaming-int
Invizy Esport,2,1,0,1,,invizy-esport
In Your Head,0,,,,,in-your-head
Ionic,0,,,,,ionic
IPet Gaming,4,2,0,2,,ipet-gaming
iPLAY,0,,,,,iplay
Iron Branch,4,2,0,2,,iron-branch
Iron Legion,1,1,0,0,,iron-legoin
Isak,0,,,,,isak5401
Isak-eSport,0,,,,,isak-esport
IWKU Gaming,4,1,0,3,,iwku-gaming
Jakarta Juggernauts,0,,,,,jakarta-juggernauts
Jake Bube,0,,,,,jake-bube
JaS,0,,,,,jas
jatb,1,0,0,1,,jatb
Jayob e-Sports,0,,,,,jayob-e-sports
JiJieHao International,7,3,0,4,,jijiehao
JMD Gaming,0,,,,,jmd-gaming1891
Jordan's Money Crew,9,5,0,4,,jordans-money-crew
jQntefabrikkeN,0,,,,,jqntefabrikken1752
jQntefabrikkeN,0,,,,,jqntefabrikken7372
JSG,0,,,,,jsg1399
Juggernauts,2,1,0,1,,juggernauts
justbusiness,0,,,,,justbusiness
JUSTCAUSE,0,,,,,justcause
Just Make it Fast,1,0,0,1,,just-make-it-fast2704
Just Passing By,2,0,0,2,,just-passing-by
JusTus Pro,0,,,,,justus-pro
JYP Gaming,9,2,3,4,,jyp-gaming3953
k1ck.CSGO.HU,8,4,0,4,,k1ck-csgo-hu
k1ck eSports Club.es,0,,,,,k1ck-esports-clubes
k1ck eSports.es,14,4,0,10,,ex-epsilon-gaming
k1ck Oldschool,8,3,0,5,,k1ck-oldschool9050
k29,6,2,0,4,,k29
KaBuM!,9,3,0,6,,kabum
KaBuM! IDM Gaming,0,,,,,kabum-idm-gaming
KaosKlan,0,,,,,kaosklan
KapinA,0,,,,,kapina86
KAPPA,0,,,,,kappa3620
KappaKappa,0,,,,,kappakappa
Karabakh Horses,0,,,,,karabakh-horses
Karnage,0,,,,,karnage3960
Karont3,0,,,,,karont3
Kartfols,0,,,,,kartfols6760
Katrina,0,,,,,katrina864
KatsoPeiliin,2,0,0,2,,katsopeiliin
KAWAIIMEGU,0,,,,,kawaiimegu
KDDA,0,,,,,kdda7920
Kepardit,0,,,,,kepardit
kerchNet,15,4,1,10,,kerchnet-cs-go
Keyd Stars Female,5,1,2,2,,keyd-stars-female
Key-Preisvergleich.de,0,,,,,key-preisvergleichde
Khan,7,1,0,6,,khan-1
KhARUM,0,,,,,kharum
KILLERFISH eSport,22,5,3,14,,killerfish-esport-cs-go-2
Kindest Regards,1,0,0,1,,kindest-regards1267
Kinetic,0,,,,,kinetic
Kingpins Esports,0,,,,,kingpins-esports
Kings Gaming Club,3,1,0,2,,kings-gaming-club6401
Kingsmen,0,,,,,kingsmen
Kinguin,0,,,,,kinguin
kissiminttu,0,,,,,kissiminttu4632
KIYF Logitech G,1,0,0,1,,kiyf-logitech-g1045
KKTV,0,,,,,kktv
KLAN FONTAN,0,,,,,klan-fontan3996
KLANLOS,0,,,,,klanlos
Klanowa Nazwa Robocza,0,,,,,klanowa-nazwa-robocza
KlikTech,0,,,,,kliktech5116
KLIM eSports,0,,,,,klim-esports
Knights,0,,,,,knights
KOPUNIO,2,0,0,2,,kopunio
KOWABUNGA,0,,,,,kowabunga
KPS,0,,,,,kps1931
kr0nikz,0,,,,,kr0nikz6632
Kryvbas Gaming,3,0,0,3,,kryvbas-gaming
Kukulkan Esports,0,,,,,kukulkan-esports2773
KUNGAR,1,0,0,1,,kungar
kuraji-na-virajah,0,,,,,kuraji-na-virajah1941
KYIV,2,1,0,1,,kyiv
L4ORG,0,,,,,l4org6484
LAN Dodgers,13,4,0,9,,lan-dodgers
lanlaget,0,,,,,lanlaget7515
lapw,4,2,0,2,,lawp
Last Dance,0,,,,,last-dance
Last Picks,0,,,,,last-picks8781
Last Resort,0,,,,,last-resort
LaVidaLoca!,1,0,0,1,,lavidaloca5535
La Voiture Noire,1,0,0,1,,la-voiture-noire
LDDM e-Sports,0,,,,,lddm-e-sports
Le Deux Et,0,,,,,le-deux-et
LeetGamerZ,1,0,0,1,,leetgamerz
lefteye,0,,,,,lefteye
LeftOut,11,3,0,8,,ex-team-envyus
LeftoverZ,0,,,,,leftoverz
Legacy,0,,,,,legacy5524
Legends,6,2,1,3,,legends8893
Legion,0,,,,,legion
Lemondogs,4,0,0,4,,lemondogs-cs-go
Lemondogs.arg,0,,,,,lemondogsarg
Leny4evateli,0,,,,,leny4evateli607
Leopard,6,2,0,4,,leopard
LetsMakeThatHappen,0,,,,,letsmakethathappen
Level Up esports,6,1,0,5,,level-up-esports
Leviatan,3,0,0,3,,leviatan
LGB eSports,67,20,4,43,,lgb-esports
LGB eSports Female,3,1,0,2,,lgb-esports-female
LGB.Female,9,5,0,4,,lgb-female
LGD.SAS,3,1,0,2,,lgd-sas
Libr,0,,,,,libr
Licht eSports,0,,,,,licht-esports5384
Limitless Addict,8,4,0,4,,limitless-addict
Lin4evateli,2,1,0,1,,lin4evateli
Lions,2,0,0,2,,lions8566
Lions eSportsKlubb,0,,,,,lions-esportsklubb
LiquidBiceps,0,,,,,liquidbiceps
Little Einsteins,0,,,,,little-einsteins
LiviD,1,0,0,1,,livid
LiViD Gaming,1,0,0,1,,livid-gaming
lmfaooo,5,2,0,3,,lmfaooo
logiX,0,,,,,logix-cs-go
logiX,0,,,,,logix
logiX ,0,,,,,logix-
LogiX e.V.,0,,,,,logix-ev
LOG.KZ,7,4,0,3,,log-kz
London Conspiracy Staff,10,5,0,5,,london-conspiracy-staff3992
Long Live Democracy,0,,,,,long-live-democracy
LORD$NEVERDIE,0,,,,,lord-neverdie9879
Los Jefes,0,,,,,los-jefes9272
los kogutos,5,2,0,3,,los-kogutos
Los Mariachis,0,,,,,los-mariachis
Los Reyes,1,0,0,1,,los-reyes
LowLandLions,0,,,,,lowlandlions-ss-go
LPSP!,0,,,,,lpsp
LQQMPP,0,,,,,lqqmpp3195
Luccini Gaming,0,,,,,luccini-gaming4777
Lucky7 Gaming,0,,,,,lucky7-gaming
LunatiK eSports,0,,,,,lunatik-esports
Lurking and Working,0,,,,,lurking-and-working
LYNGBY,2,1,0,1,,lyngby
m0nster.kr,0,,,,,m0nster-kr
M9 Bayonet,3,0,0,3,,m9-bayonet
MadCorps,0,,,,,madcorps2223
Made in Thailand,2,0,0,2,,made-in-thailand-1
madjicK Gaming,0,,,,,madjick-gaming
Mad Mates,2,0,0,2,,mad-mates
Maestro Esports,2,0,0,2,,maestro-esports8373
MAGICIANS,1,0,0,1,,magicians3790
Magistra,0,,,,,magistra6405
Magnitude eSports,1,0,0,1,,magnitude-esports
Magnum Monsters,0,,,,,magnum-monsters
Main Street Esport Female,2,0,0,2,,main-street-esport-female3881
MainTain Gaming,2,0,0,2,,maintain-gaming
Majestic Lions,0,,,,,majestic-lions
MAJESTY,9,3,0,6,,majesty
Make A Sandwich Yourself,8,4,0,4,,make-a-sandwich-yourself3537
Make War Not Love,2,0,0,2,,make-war-not-love
Maknitude,2,0,0,2,,maknitude
malefiQ,0,,,,,malefiq477
Malvinas Gaming,0,,,,,malvinas-gaming
Manajuma,0,,,,,manajuma
Maniacs,2,2,0,0,,maniacs7239
MANS NOT HOT,16,10,0,6,,mans-not-hot
Maple Club,3,1,0,2,,maple-club7947
máquinas,4,2,0,2,,maquinas
Marlian eSports,7,4,0,3,,marlian-esports
Marten Gaming,4,0,0,4,,marten-gaming
Mask Off,0,,,,,mask-off
maslomaslo,2,1,0,1,,maslomaslo
Master Grade,0,,,,,master-grade1839
MasterMind,0,,,,,mastermind
Masters Of Panic,1,0,0,1,,masters-of-panic
mates and more!,0,,,,,mates-and-more
MaxAndRelax,9,4,2,3,,nerdrage
MaxFloPlaY,0,,,,,maxfloplay-cs-go
MaxFloPlaY,0,,,,,maxfloplay
MAXI,0,,,,,maxi9350
Maximum Effort,0,,,,,maximum-effort
MayaM Gaming,0,,,,,mayam-gaming
MBAPPEEK,5,2,0,3,,mbappeek
MblMiX,0,,,,,mblmix6163
mCon Female,3,1,0,2,,mcon-female
Mediokert,0,,,,,mediokert9331
Melbet,3,2,0,1,,melbet
melty eSport Club,2,0,0,2,,melty8860
Me Myself and I,6,3,0,3,,me-myself-and-i
MeMyself&amp;I,0,,,,,memyselfi
Menace,1,0,0,1,,menace6652
mens,10,2,0,8,,mens
Mercenary,0,,,,,mercenary837
Merciless Gaming,1,0,0,1,,merciless-gaming
Metapods,1,0,0,1,,metapods3964
METATRONE,0,,,,,metatrone
mew,2,0,0,2,,mew
Mexico,0,,,,,mexico
MFC Gaming,9,4,2,3,,mfc-gaming
MiA,2,0,0,2,,mia7649
Miami Flamingos e-Sports,7,1,0,6,,miami-flamingos-e-sports9146
 midlertidig,0,,,,,midlertidig5513
MIKSTURA,5,2,0,3,,mikstura
MILF,1,1,0,0,,milf5882
Millenium,0,,,,,millenium
mimimishki,0,,,,,mimimishki6387
miMo,0,,,,,mimo662
Mineski,8,2,0,6,,mineski-csgo
MingLee,0,,,,,minglee
MINISTRY,1,0,0,1,,ministry3453
Minlate,1,0,0,1,,minlate
Misery,0,,,,,misery
MISO,0,,,,,miso8518
MISZCZOWIE GRY,0,,,,,miszczowie-gry
MiTH.Streamer,3,1,0,2,,mith-streamer
mix0r,2,0,0,2,,mix0r
mix123,1,0,0,1,,mix1238202
MIXCAT,0,,,,,mixcat9520
MIXSQUAD,1,0,0,1,,mixsquad
mixtim,1,0,0,1,,mixtim
MK,0,,,,,mk3875
MK3 e-Sports,0,,,,,mk3-e-sports
MM3,0,,,,,mm33217
MMCLUB,0,,,,,mmclub6311
MMM,0,,,,,mmm
MnM Gaming,2,0,0,2,,mnm-gaming9610
MociusT,0,,,,,mociust
moDstand,0,,,,,modstand3825
moDstand,0,,,,,modstand9470
MOLLIHblE,3,1,0,2,,mollihble
MonaspA,0,,,,,monaspa-1
MONKEsports,1,0,0,1,,monkesports
Monomaniac,0,,,,,monomaniac-cs-go
Monopol,1,0,0,1,,monopol
Monstars,0,,,,,monstars
Monte,8,3,0,5,,monte
Moralezz,5,2,0,3,,moralezz
More Than You,0,,,,,more-than-you
More Than You,4,1,0,3,,mty8842
Morior Invictus,0,,,,,morior-invictus
Mortality eSports,0,,,,,mortality-esports
Moscow Five,2,0,0,2,,moscow-five-cs-go
Moscow Five Academy,8,3,0,5,,moscow-five-academy
Mostly Harmless,1,0,0,1,,mostly-harmless
MostValuablePlayers,6,2,0,4,,mostvaluableplayers
Most Wanted,0,,,,,most-wanted9425
Mouse Control eSports,0,,,,,mouse-control-esports9040
mousesports.uk,0,,,,,mousesportsuk
mousesports.uk ,0,,,,,mousesportsuk-
mouz.UK,0,,,,,mouzuk
MTF Gaming,2,1,0,1,,mtf-gaming766
MTF.Gaming,0,,,,,mtfgaming
MTS GameGod Wolf,0,,,,,wolf
mTw,0,,,,,mtw
mTw ,0,,,,,mtw-
Muffin Lightning,14,5,0,9,,muffin-lightning1701
Murder Inc,0,,,,,murder-inc
Mustang Crew,4,1,0,3,,mustang-crew
MVP Karnal,4,1,0,3,,mvp-karnal7909
myKPV.de,5,1,0,4,,mykpv-de8423
MYN,0,,,,,myn
myRevenge e.V.,0,,,,,myrevenge-ev
mySemperFi,0,,,,,mysemperfi
Mysterious,0,,,,,mysterious6586
mystic,2,0,0,2,,mystic8769
Mystical,0,,,,,mystical
My Virtual World,0,,,,,my-virtual-world2284
myXMG,0,,,,,myxmg15
myXMG.fe,0,,,,,myrevenge-fe9793
n0 0rg,2,0,0,2,,n0-0rg9532
NAMELESS ,0,,,,,nameless-
naptoR.factory,0,,,,,naptor-factory5245
NASA,2,0,0,2,,nasa
Natus Vincere 2010,4,2,0,2,,natus-vincere-2010
Natus Vincere 2vs2,3,1,0,2,,natus-vincere-2vs27665
Naventic,2,0,0,2,,naventic2505
NAVI Staff,22,9,0,13,,na-vi-staff8686
NBDALE,0,,,,,nbdale
NBDALE Gaming,0,,,,,nbdale-gaming
NeckBREAK,0,,,,,neckbreak
NecroRaisers,0,,,,,necroraisers3116
Need Jobs,0,,,,,need-jobs
NeedJobs,0,,,,,needjobs
Nemiga Gaming Staff,9,5,0,4,,nemiga-gaming-staff
Neon Rangers,1,1,0,0,,neon-rangers
ne parsya,3,2,0,1,,ne-parsya
nerdRage,7,2,0,5,,nerdrage-dk
Netcode Guides,0,,,,,netcode-guides
NEVERPLAY,3,1,0,2,,neverplay
New Arise,0,,,,,new-arise5189
New Era (Female),0,,,,,new-era-female
NE Whalers,0,,,,,ne-whalers
New Identity,7,3,0,4,,new-identity
NewReVoL,0,,,,,newrevol7197
Newskill Infinity,1,0,0,1,,newskill-infinity8716
NewStyle,0,,,,,newstyle769
Next Generation,3,1,0,2,,next-generation-1
Next-Generation,0,,,,,next-generation869
NextPlease!,0,,,,,nextplease-cs-go
Nexus eSports Storm,0,,,,,nexus-esports-storm
Nexus Gamers Pub,4,2,0,2,,nexus-gamers-pub1431
Nexus Storm,0,,,,,nexus-storm786
Nface,6,3,0,3,,nface5817
Nface Gaming,0,,,,,nface-gaming
n!faculty,21,9,0,12,,n-faculty-cs-go
nGse,0,,,,,ngse6647
niceguys,0,,,,,niceguys7041
Nice Helmets,0,,,,,nice-helmets
NiceShot,1,0,0,1,,niceshot7828
Night of Killers,0,,,,,night-of-killers2909
Night of Killers,0,,,,,night-of-killers3811
Night Raid,0,,,,,night-raid3882
Night Raid,0,,,,,night-raid9561
NightRaid,0,,,,,nightraid8025
Nihilum Gaming,3,1,0,2,,nihilum-gaming5117
NiNja ParTy,0,,,,,ninja-party
NIP Female,6,3,0,3,,nip-female
Nitrious Gaming,0,,,,,nitrious-gaming
nKnown,2,0,0,2,,nknown
NL6Ng.NTC,0,,,,,nl6ngntc
NL eSports,0,,,,,nl-esports
.no,0,,,,,no
Noble,0,,,,,noble
NOBO,3,3,0,0,,nobo
Nocturns Gaming,4,0,0,4,,nocturns-gaming3707
Nodachi,5,0,0,5,,nodachi6087
NOD Clan,0,,,,,nod-clan
NoDiceGaming,0,,,,,nodicegaming9783
"no grims, only much good!",0,,,,,no-grims-only-much-good2620
No.Identity,0,,,,,noidentity
noKappa,0,,,,,nokappa5485
NokSuKao,7,1,0,6,,noksukao
No Limit Gaming,3,0,0,3,,no-limit-gaming
nom,0,,,,,nom4542
noMERCY,6,1,1,4,,nomercy3226
NOM eSports,3,2,0,1,,nom-esports
NONAME eSports,3,0,0,3,,noname-esports-1
NONANERS,0,,,,,nonaners117
NOORG,0,,,,,noorg
NoPainNoGain,0,,,,,nopainnogain2781
No Problem!,0,,,,,no-problem
No Problem!,2,0,0,2,,no-problem1393
NOREG,12,5,0,7,,norway6780
Norse,13,5,0,8,,norse
NO SIR!,21,5,0,16,,momomomo
nostyleg33kZ,0,,,,,nostyleg33kz1060
NoTag,6,4,0,2,,notag
Not a Problem for ME,2,1,0,1,,not-a-problem-for-me8027
NOTBAD,5,1,0,4,,notbad3695
No Tenemos Nada,0,,,,,no-tenemos-nada
notkicked,2,1,0,1,,notkicked
Notus,0,,,,,notus
Nouns Esports,5,2,0,3,,nouns-esports
No Use Talking,0,,,,,no-use-talking
NPW,1,0,0,1,,npw9232
nQrrebronX,0,,,,,nqrrebronx1065
NSPR Gaming,0,,,,,nspr-gaming
nstZ!,0,,,,,nstz
Numbers,3,1,1,1,,numbers4144
Nuovo Gaming,0,,,,,nuovo-gaming
nVisin eSports,0,,,,,nvisin-esports449
nVision eSportz,0,,,,,nvision-esportz
NW,0,,,,,nw5714
NYYRIKKI Esports,0,,,,,nyyrikki-esports
O+,0,,,,,o
o4o,0,,,,,o4o2668
Obey.Alliance,4,3,0,1,,obey-alliance9718
oBG,0,,,,,obg4903
OFF Balance,3,1,0,2,,off-balance-cs-go
Off Constantly,0,,,,,off-constantly
OG GANG Squad,3,1,0,2,,og-gang-squad
Old Guys Club,5,0,0,5,,old-guys-club
omae wa mou shindeiru,1,0,0,1,,omae-wa-mou-shindeiru
OMNIPOTENCE,0,,,,,omnipotence
OnceAgainst eSports,0,,,,,onceagainst-esports
ONEGODLIKEJUNIOR,0,,,,,onegodlikejunior
One More Time,2,0,0,2,,one-more-time
Oneshot,7,1,0,6,,oneshot8588
OneThree.TSG,7,3,0,4,,onethre-tsg
One Time Wonder,0,,,,,one-time-wonder5602
onetwo,0,,,,,onetwo5219
OneWay,0,,,,,oneway
Online5,0,,,,,online5
OnlineBOTS,32,6,1,25,,mayam-gaming-cs-go
Onlineland,0,,,,,onlineland
ONLY,0,,,,,only7760
OPAA Gaming,3,0,0,3,,opaa-gaming
OpenEqualFree,2,0,0,2,,oef5652
OPENGATE,0,,,,,opengate
Operation Kino,0,,,,,operation-kino
OpTic Brasil,0,,,,,optic-brasil
OpTic India,0,,,,,optic-india
Orange eSports,0,,,,,orange-esports7774
Orbit Gaming,0,,,,,orbit-gaming2719
Order 66 (EMPIRE) Staff,9,4,0,5,,order-66-empire-staff
Org Incoming,1,0,0,1,,org-incoming8843
Orgles5,0,,,,,orgles5
orgless5,0,,,,,orgless5
Orgless5ive,2,0,1,1,,orgless5ive
Orgless Female,2,0,0,2,,orgless-female
Orgless.hu,0,,,,,orglesshu
Orgless Kings,0,,,,,orgless-kings8846
ORGLESS WARRIORS,0,,,,,orgless-warriors
Org?y,0,,,,,orgy
Orion Gaming,1,0,0,1,,orion-gaming733
orKs,0,,,,,orks
OSEF,0,,,,,osef
Otter eSports,3,2,0,1,,otter-esports4717
ouroboros,1,0,0,1,,ouroboros
Outbreak,4,2,0,2,,outbreak
out of nowhere,0,,,,,out-of-nowhere
Outsiders,2,0,0,2,,outsiders4936
Outsiders,0,,,,,outsiders
Overcome,2,0,0,2,,overcome7086
Overdrive,0,,,,,overdrive
overGame eSports,0,,,,,overgame-esports
Overrated Individuals,0,,,,,overrated-individuals
Overrated Individuals ,0,,,,,overrated-individuals-
Ownage,2,1,0,1,,ownage4988
oXzone,0,,,,,oxzone6407
PACT White,0,,,,,pact-white
PainFuL eSports,0,,,,,painful-esports9227
paiN Girls,3,1,1,1,,pain-girls
PALOMA,8,7,0,1,,paloma
Pangafett.se,0,,,,,pangafett-se2729
Panic,0,,,,,panic2077
Pansy Hippo,0,,,,,pansy-hippo3862
Panthers,0,,,,,panthers
PAPERPLANES,16,9,0,7,,paperplanes
Paper Rex,2,0,0,2,,paper-rex
Paqueta Esports,0,,,,,paqueta-esports
ParadokS,3,1,0,2,,paradoks
Paradox,0,,,,,paradox
Paragon Esports,0,,,,,paragon-esports
Paranoia,4,1,0,3,,paranoia4541
Paranoia eSports,2,0,0,2,,paranoia-esports4555
Partyastronauts,10,4,0,6,,partyastronauts
Party Daddlers,0,,,,,party-daddlers-cs-go
PartyDaddlers,0,,,,,partydaddlers
PB,0,,,,,pb
PCBox,0,,,,,pcbox2861
PCWteamBACKbrb,0,,,,,pcwteambackbrb4420
PD.International,0,,,,,pdinternational
pDM,0,,,,,pdm
Peeker's Advantage,2,0,0,2,,peekers-advantage
Perfectionvore,0,,,,,perfectionvore
Perspektiva,3,0,0,3,,perspektiva
Pete's Hookah Lounge,2,0,0,2,,petes-hookah-lounge
PEX Team,0,,,,,pex-team
PEY,3,2,0,1,,pey
PFP,0,,,,,pfp
PGL Staff,1,0,0,1,,pgl-staff2933
PGT Gaming,0,,,,,pgt-gaming
Phantoms,0,,,,,phantoms-cs-go
Phoenix,0,,,,,phoenix
Phoenix e-Sports,0,,,,,phoenix-e-sports
PhysX eSports,0,,,,,physx-esports
Pichau,0,,,,,pichau
PiedPiper,0,,,,,piedpiper
PigsRUs,0,,,,,pigsrus344
pińćsyt+,0,,,,,pi-syt8712
Pink Zinic,0,,,,,pink-zinic
Pixel,0,,,,,pixel8074
Pixel,0,,,,,pixel
PLAAAAAATE,0,,,,,plaaaaaate7443
Planetkey Ladies,2,0,0,2,,planetkey-ladies
Plantronics,6,2,0,4,,plantronics
Platinium eSport,3,1,0,2,,platinium-esport503
play2win,0,,,,,play2win
PlayArt Gaming,0,,,,,playart-gaming-cs-go
play despacito,1,0,0,1,,play-despacito
PlayFive,0,,,,,playfive
Playing Ducks Female,2,0,0,2,,playing-ducks-female
Playing Ducks INT,0,,,,,playing-ducks-int
PLAYZONE,1,0,0,1,,playzone2262
Please Send Help,3,1,0,2,,please-send-help
PLMEs.Violight,0,,,,,plmesviolight
plusvee,0,,,,,plusvee
POBEDA,0,,,,,pobeda157
pod virtual gaming,0,,,,,pod-virtual-gaming
POGGERZ,1,0,0,1,,poggerz
Polaris Gaming,2,1,0,1,,polaris-gaming305
Pompa Team,16,5,0,11,,pompa-team
Pompa Team Black,1,0,0,1,,pompa-team-black7184
Pompa Team Yellow,0,,,,,pompa-team-yellow
POPPERS,0,,,,,poppers
POPPERS ,0,,,,,poppers-
POPPERS CS:GO,0,,,,,poppers-csgo
PortaL Esports,4,0,0,4,,portal-esports
PORTUGUESE FAMILY,4,2,0,2,,portuguese-family
pow,5,1,0,4,,pow
PRANA,0,,,,,prana
preanus,2,1,0,1,,preanus
prem1er,0,,,,,prem1er
premghouls,1,0,0,1,,premghouls
Premier Rejects,7,0,2,5,,premier-rejects8288
Preparation,0,,,,,preparation2421
Preparation,0,,,,,preparation9299
Pride Academy,0,,,,,pride-academy
PRIES,0,,,,,pries
PRIMETIME,0,,,,,primetime
PRIVET UKRAINA,0,,,,,privet-ukraina
Prodigy Gaming,1,0,0,1,,prodigy-gaming
ProGaming e-Sports,0,,,,,progaming-e-sports
ProGaming.TD,0,,,,,progaming-td-cs-go
PROGRESSION,1,0,0,1,,progression280
Project Eversio,3,0,0,3,,project-eversio
Project Skyline,0,,,,,project-skyline
Project X,18,10,0,8,,project-x-1
Property,16,6,0,10,,property
Prophecy,0,,,,,prophecy
Prospects,0,,,,,prospects
ProXima Gaming,0,,,,,proxima-gaming
Publiclir.se,0,,,,,publiclirse
Puddi,0,,,,,puddi571
Puggers United,1,0,0,1,,puggers-united1940
PUGSTAR5,6,2,0,4,,pugstar5
Pulsecore,1,0,0,1,,pulsecore-gaming5320
PulSe-Gaming,0,,,,,pulse-gaming7811
purification,0,,,,,purification5722
Puzzle,0,,,,,puzzle990
QeeYou,3,1,0,2,,qeeyou6824
QKM,0,,,,,qkm4320
Qlimax Crew,0,,,,,qlimax-crew
qqqy,1,0,0,1,,qqqy
QuackPack,4,1,0,3,,quackpack2474
Quantic Gaming,0,,,,,quantic-gaming-cs-go
Queen Consolidated,0,,,,,queen-consolidated
Quiet Please,2,0,0,2,,quiet-please8330
Quit,0,,,,,quit899
qwerty,2,0,0,2,,qwerty
r2r,0,,,,,r2r6885
Radix eSports,0,,,,,radix-esports
RAIDERS,0,,,,,raiders
Raised by Wolves,0,,,,,raised-by-wolves
Rampage Killers,0,,,,,rampage-killers
RampageKillers,0,,,,,rampagekillers
Random 5,1,0,0,1,,random-51331
Rão E-SPORTS,2,0,0,2,,rao-e-sports
Rascal Jester,0,,,,,rascal-jester6763
Rascal Jester Absolute,0,,,,,rascal-jester-absolute9094
Rasta.Xd,1,0,0,1,,rasta-xd7553
RatsOfTheYear,2,2,0,0,,ratsoftheyear6691
RAVE,4,2,0,2,,rave-1
RBR,0,,,,,rbr
RCL,6,3,0,3,,rcl
RCTIC eSports Blue,0,,,,,rctic-esports-blue
rEAK,5,0,3,2,,reak1010
Really Old People,2,0,0,2,,really-old-people
Reason Gaming,6,2,0,4,,madjick8660
Reason Gaming.dk,0,,,,,reason-gaming-dk
Rebellion,0,,,,,rebellion5040
Recall THE END,1,0,0,1,,recall-the-end3204
Recursive eSports,0,,,,,recursive-esports
RedBloods,0,,,,,redbloods
RED Canids,3,0,0,3,,red-canids-1
Red Dead eSports,0,,,,,red-dead-esports
Red devils,0,,,,,red-devils
RedFear eSPORTS,0,,,,,redfear-esports3514
Red Instinct,0,,,,,red-instinct
Red Instinct,3,1,0,2,,red-instinct-rising-stars4876
Red Instinct - Rising Stars,0,,,,,red-instinct-rising-stars8954
RedLine eSports‎,0,,,,,redline-esports
Redzone,0,,,,,redzone
REHTI,0,,,,,rehti
ReinadoDoFuzil,2,0,0,2,,reinadodofuzil
Rejected,0,,,,,rejected
Rekt eSports,0,,,,,rekt-esports904
RELiABLE GAMiNG,0,,,,,reliable-gaming
Reliable Gaming Network,0,,,,,reliable-gaming-network
Remo Brave e-Sports,0,,,,,remo-brave-e-sports
Replays.net,0,,,,,replaysnet
repskops,1,0,0,1,,repskops
RESEAUX,4,0,0,4,,reseaux
Resistance,4,0,1,3,,resistance
Resolute,0,,,,,resolute
REViTAL Gaming,0,,,,,revital-gaming
Revival,0,,,,,revival-csgo
Revolt,7,3,0,4,,revolt
Revolte!,0,,,,,revolte
RevoltZ e-Sports Club,4,2,0,2,,revoltz-e-sports-club
Revolution,1,0,0,1,,revolution3103
Revolution Gaming,0,,,,,revolution-gaming
Rex Regum Qeon,1,0,0,1,,rex-regum-qeon-1
/r/GlobalOffensive,5,2,0,3,,r-globaloffensive7718
RGN.tv,5,3,0,2,,rgn-tv8789
Rift Gaming,0,,,,,rift-gaming
RINS,0,,,,,rins9049
Riot Gaming,4,2,0,2,,riot-gaming
Riotous Raccoons,0,,,,,riotous-raccoons
Rise and Grind,0,,,,,rise-and-grind
Rising-Stars,3,1,0,2,,rising-stars
rizeGaming,2,0,0,2,,rizegaming-female
rizeGaming,0,,,,,rizegaming1676
ROAR,2,0,0,2,,roar
Roar eSports,6,2,3,1,,roar-esports
ROCCAT,1,0,0,1,,roccat2649
Rocketlaunchers,6,2,0,4,,rocketlaunchers
ROCKSTAR,0,,,,,rockstar
ROG Female,2,0,0,2,,rog-female1829
Rogue Academy,1,0,0,1,,rogue-academy1429
Romania Female,4,2,0,2,,romania-female
RONIN,3,1,0,2,,ronin
RONIN5 Gaming,0,,,,,ronin5-gaming
Ronin Horde,2,0,0,2,,ronin-horde
Room On Fire,0,,,,,room-on-fire
RoughNeX,1,0,0,1,,roughnex4351
RoughTimes,0,,,,,roughtimes
ROYAL,2,1,0,1,,royal
Royal Bandits,22,8,0,14,,royal-bandits
Royal Bandits Female,3,1,0,2,,royal-bandits-female6223
Royal Flush Seven,0,,,,,royal-flush-seven
ROYALS UK,15,1,0,14,,royals-uk834
RTB,2,0,0,2,,rtb
Rudy's Players Club,7,0,2,5,,rudy-s-players-club9241
Rudy's Players Club,0,,,,,rudys-players-club
Runtime.gg,2,0,0,2,,runtime-gg
RUNUP,5,3,0,2,,runup
Rush3D,0,,,,,rush3d
Russian eSF,4,0,0,4,,russian-esf9746
Russian Roulette,0,,,,,russian-roulette
S2V Esports,0,,,,,s2v-esports
Sabertooth,6,2,0,4,,sabertooth2082
Sad Story,1,0,0,1,,sad-story
Safe,0,,,,,safe1649
Saints,4,2,0,2,,saints
Salamander Gaming,12,5,0,7,,salamander-gaming
samba,0,,,,,samba7519
Samhall,0,,,,,samhall3790
Santos Dexterity,2,0,0,2,,santos-dexterity185
Santos Dexterity,0,,,,,santos-dexterity
SapphireKelownaDotCom,0,,,,,sapphirekelownadotcom
Savage,4,1,0,3,,savage-1
Save's eSports,5,1,0,4,,saves-esports
Savor the Fear,2,0,0,2,,savor-the-fear5461
sB.red,0,,,,,sb-red1884
SC e-Sports,1,0,0,1,,sc-e-sports
schlaegeros,0,,,,,schlaegeros9457
Se7en eSports,15,6,0,9,,se7en-esports-2
SEAL,4,1,0,3,,seal7178
Secret,0,,,,,secret
Sector One,3,1,0,2,,sector-one1375
Seelachs,0,,,,,seelachs8473
Seleccion Argentina,0,,,,,seleccion-argentina
Selfless Gaming,0,,,,,selfless-gaming
Selfless Gaming Female,0,,,,,selfless-gaming-female
se mi puta,0,,,,,se-mi-puta
Sentinel EC,0,,,,,sentinel-ec
Sequential Gaming,0,,,,,sequential-gaming
Serpentis eSports,0,,,,,serpentis-esports
Server-Forge,0,,,,,serverforge-cs-go
Sespåmermaid,0,,,,,sesp-mermaid4964
SetToDestroyX,2,1,0,1,,settodestroyx
seven,0,,,,,seven
SFTO eSports,0,,,,,sfto-esports418
SFTO eSports,0,,,,,sfto-esports
S-Gaming,40,12,0,28,,s-gaming
Shadows Gaming,0,,,,,shadows-gaming
SharkConfig,0,,,,,sharkconfig738
SharkGaming,0,,,,,sharkgaming4464
Shark Gaming Female,2,0,0,2,,shark-gaming-female1807
Sherifi,0,,,,,sherifi8569
shipachi,1,0,0,1,,shipachi
Shlaegeros,0,,,,,shlaegeros6575
Shockwave,0,,,,,shockwave
Shukufuku Sunshine,0,,,,,shukufuku-sunshine7481
SHUTDOWN,0,,,,,shutdown7696
Si.Army,4,3,0,1,,si-army
SICKNASTY eSports,0,,,,,sicknasty-esports5502
sickteam,1,0,0,1,,sickteam9964
Sigma!,0,,,,,sigma146
Signature Jynx,0,,,,,signature-jynx
silhouette,6,2,0,4,,silhouette3790
Silver Snipers,1,0,0,1,,silver-snipers
Simplyshredded,0,,,,,simplyshredded
SimRai,1,0,0,1,,simrai9910
SinisterGG,0,,,,,sinistergg
SiteCS,0,,,,,sitecs
SJK eSports,0,,,,,sjk-esports
SKB-EC,0,,,,,skb-ec4599
SKC,0,,,,,skc
SKDC,7,0,1,6,,skdc8112
SK E-SPORTS,0,,,,,sk-e-sports
SK Gaming Staff,2,0,0,2,,sk-gaming-staff4153
Skillside,0,,,,,skillside
Skillz.lv,10,5,0,5,,skillz-lv6244
Skinlordz,1,0,0,1,,skinlordz
skip school,2,1,0,1,,skip-school
SkitLite,2,1,0,1,,zorro9429
SkitLite Gaming,0,,,,,skitlite-gaming
Skyred,0,,,,,skyred
SLABOUMIE,0,,,,,slaboumie
SlavikFlavor,1,0,0,1,,slavikflavor829
Slow Motion,0,,,,,slow-motion
SLTV Staff,6,3,0,3,,sltv-staff9485
small meats,1,0,0,1,,small-meats
smiechawahehe,2,1,0,1,,smiechawahehe4495
Smoke Criminals,37,14,0,23,,smoke-criminals
SMOKESPIEGEL,0,,,,,smokespiegel
Snabbabrillor,1,0,0,1,,snabbabrillor9883
SnailsMoneyCrew,1,0,0,1,,snailsmoneycrew
Snakes Den Gaming,0,,,,,snakes-den-gaming
Sniper Squad,3,0,0,3,,sniper-squad7934
SNOGARD Dragons,0,,,,,snogard-dragons
snT,0,,,,,snt3959
SoaR Gaming,8,3,0,5,,soar-gaming4288
SofaKingGood,0,,,,,sofakinggood
SOLARIS Esports Female,2,0,0,2,,solaris-esports-female
Soldiers,0,,,,,soldiers
Soldiers of Fortune,0,,,,,soldiers-of-fortune
solemn,0,,,,,solemn
Solution Gaming,0,,,,,solution-gaming
Sons of Tzu Gaming,1,0,0,1,,sons-of-tzu-gaming
Sorby eSport,0,,,,,sorby-esport
South,0,,,,,south
Space Academy,4,2,0,2,,space-academy2547
Space Jam,10,4,0,6,,space-jam6527
SPAGHETTONIS,2,0,0,2,,spaghettonis
Sparta Gaming,6,1,0,5,,sparta-gaming
Spartak Esports,19,7,0,12,,spartak-esports
Spassk,1,0,0,1,,spassk6246
Speedrunners,0,,,,,speedrunners
SpeedRunners,6,3,0,3,,speedruners
Spirifex Female,3,2,0,1,,spirifex-female
Spirit,0,,,,,spirit1161
Sponsored by Nobody,0,,,,,sponsored-by-nobody9285
Sponsorless,0,,,,,sponsorless
Sports.Power Club,1,0,0,1,,sports-power-club1511
Sprintfox,0,,,,,sprintfox
SPUERHUNDE,0,,,,,spuerhunde
SPURHUNDE,0,,,,,spurhunde
ss5$,0,,,,,ss51554
SSF,1,0,0,1,,ssf634
SSU eSports,0,,,,,ssu-esports
STARRYGAME.female,2,1,0,1,,starrygame-female3172
SteelShock Gaming,0,,,,,steelshock-gaming
Stepback,0,,,,,stepback
stfuNerd,0,,,,,stfunerd
Stifmeister Gaming,0,,,,,stifmeister-gaming
Still Free,0,,,,,still-free
Storm Rider,4,2,0,2,,storm-rider
StormStudio,1,0,0,1,,stormstudio2726
Strange Tactics,0,,,,,strange-tactics
Streamline,0,,,,,streamline
Strife Esports,7,0,0,7,,strife-esports
Strive in chaos,2,1,0,1,,strive-in-chaos
struggletony,1,1,0,0,,struggletony
subliminaL,0,,,,,subliminal
Sudden Fear,0,,,,,sudden-fear
Sunken Souls,0,,,,,sunken-souls6997
Super6,0,,,,,super6
Supernova,1,0,0,1,,supernova
SUPERTEAM,0,,,,,superteam1547
Supremacy,0,,,,,supremacy4203
Sushi in Panties,1,0,0,1,,sushi-in-panties9342
Swarm Gaming,0,,,,,swarm-gaming
Swole Identity,0,,,,,swole-identity
sX,0,,,,,sx
SY_b,0,,,,,syb
SYF Gaming,2,0,0,2,,syf-gaming5564
sygytt,0,,,,,sygytt
sylloM,0,,,,,syllom4096
SYNRGY Gaming,0,,,,,synrgy-gaming
Synthetik Gaming,2,0,0,2,,synthetik
sZavoda,1,0,0,1,,szavoda
TABOO,2,0,0,2,,taboo
TaiwanZ,0,,,,,taiwanz9041
Take Aim Gaming,3,2,0,1,,take-aim-gaming
TAKTIKSTATIV,0,,,,,taktikstativ
TAKTISTATIV,0,,,,,taktistativ729
TANTRUM,0,,,,,tantrum
TapTapTap!,0,,,,,taptaptap1878
Tarantula Gaming,0,,,,,tarantula-gaming
TaxiBoys,0,,,,,taxiboys
-tba-,0,,,,,-tba-
TBA,0,,,,,tba7234
TBA,0,,,,,tba5140
TBA,0,,,,,tba7160
TBA,0,,,,,tba310
TBA,0,,,,,tba9044
TBA,0,,,,,tba7659
TBATBATBA,0,,,,,tbatbatba
TBD,0,,,,,tbd9333
TBD,0,,,,,tbd4884
TBi,0,,,,,tbi
TC,0,,,,,tc
TC,0,,,,,tc5653
TCM-Gaming,0,,,,,tcm-gaming
TDA,0,,,,,tda7046
TDJSF,1,0,0,1,,tdjsf5849
Team1,7,5,0,2,,team1
Team11,0,,,,,team11
Team123,18,5,0,13,,team123
team1231,0,,,,,team12318811
Team1337,8,4,0,4,,team13377725
Team 3V,0,,,,,team-3v
tEAM41,1,0,0,1,,team415689
Team4Balkan,2,0,0,2,,team4balkan7629
TEAM4NOT,0,,,,,team4not-cs-go
Team5,5,1,0,4,,team54860
team_7777,0,,,,,team-77779449
teamabv,1,0,0,1,,teamabv
Team Aftershock,5,1,0,4,,team-aftershock
Team AGENT,0,,,,,team-agent
Team AGG-old,22,2,1,19,,team-agg
Team Alientech.Black,0,,,,,team-alientechblack
Team Alientech.Blue,0,,,,,team-alientechblue
Team Alternate.fe,0,,,,,team-alternatefe
Team Alternate Female,0,,,,,alternate-female
teamasd,5,1,0,4,,teamasd9909
Team Aster,6,2,0,4,,team-aster-1
Team Aunkere,1,0,1,0,,team-aunkere
Team b1t,1,1,0,0,,team-b1t
Team Banhammer,0,,,,,team-banhammer
Team BEASTS,4,2,0,2,,team-beasts
Team BlackOut,15,6,0,9,,team-blackout
Team Bovines,0,,,,,team-bovines
Team Brazil,0,,,,,team-brazil-1
Team Brute,7,2,0,5,,team-brute
Team Buster,2,0,0,2,,team-buster
Team Censored,0,,,,,team-censored2695
Team CodeRedGaming,0,,,,,team-coderedgaming
TeamCRG,0,,,,,teamcrg-cs-go
TEAMCRGUK,2,1,0,1,,teamcrguk1497
Team Curse,0,,,,,curse-cs-go
Team Curse,0,,,,,curse-cs-go-europe
Team Divine,0,,,,,team-divine
Team DWFN,1,0,0,1,,team-dwfn
Team Dynamic,0,,,,,team-dynamic
Team E4US,0,,,,,team-e4us
Team Edward,8,4,0,4,,team-edward
Team EnVyUs 2vs2,2,0,0,2,,team-envyus-2vs25527
Team eu4ia,0,,,,,team-eu4ia
Team Evelone192,3,1,0,2,,team-evelone192
Team Excellency,3,1,0,2,,team-excellency
Team eXtensive,0,,,,,extensive-cs-go
Team eXtensive!,0,,,,,team-extensive
Team FeroX,0,,,,,team-ferox
TeamFist,0,,,,,teamfist7800
Team Forge,1,0,0,1,,team-forge
Team France,3,1,1,1,,team-france
Team From Korea,0,,,,,team-from-korea
Team Front,1,0,0,1,,team-front
Team FuroX,0,,,,,team-furox
Team Gamerdesk,0,,,,,team-gamerdesk
Team Genus,1,0,0,1,,team-genus6422
Team GeT_RiGhT,1,1,0,0,,team-get-right
Team Go Home,0,,,,,team-go-home
TEAMGOK,0,,,,,teamgok374
Team HD,1,0,0,1,,team-hd
Team HeatoN,5,0,0,5,,team-heaton
Team Hungary,3,1,0,2,,team-hungary
Team Ignite,0,,,,,team-ignite
team imperial,0,,,,,team-imperial
Team Infused,12,1,1,10,,team-infused-cs-go
Team iNvictus,1,0,0,1,,team-invictus2537
Team Italy,4,1,0,3,,team-italy1000
Team Jaguar,0,,,,,team-jaguar
Team Kaliber,0,,,,,team-kaliber1385
Team kennyS,6,4,0,2,,team-kennys
Team Koalas,4,0,0,4,,team-koalas
Team Kyrgyzstan,2,1,0,1,,team-kyrgyzstan
Team LDLC.com Espoir,0,,,,,team-ldlc-espoir
Team LDLC White,12,1,2,9,,ldlc-white5082
Team LeiSuRe,2,1,0,1,,leisure-csgo
TeamLessNana,0,,,,,teamlessnana
teamLose,2,1,0,1,,teamlose
Team LZ,5,1,1,3,,team-lz2123
Team Maikelele,6,5,0,1,,team-maikelele
Team Maldives,4,1,0,3,,team-maldives2315
Team MamuPlay,0,,,,,team-mamuplay4284
Team Maple,3,1,0,2,,team-maple
TEAMMATE,0,,,,,teammate
Team Menace.fi,2,0,0,2,,team-menace-fi8719
Team Mistral,2,1,0,1,,mistral9320
Team Monarchs,0,,,,,team-monarchs
Team MRN,0,,,,,team-mrn
Team MxB,1,0,0,1,,team-mxb
Team Mysticz,0,,,,,team-mysticz6701
Team NEO,6,4,0,2,,team-neo
Team Norway Female,2,0,0,2,,team-norway-female
Team Onliners,3,1,0,2,,team-onliners
Team-Optimum,0,,,,,team-optimum
Team Outbreak,0,,,,,team-outbreak
Team pashaBiceps,5,1,0,4,,team-pashabiceps
Team Phenomenon,4,3,0,1,,team-phenomenon
Team Phoenix,0,,,,,team-phoenix
TEAMPLAY,1,0,0,1,,teamplay7921
Team Portugal,1,0,1,0,,team-portugal
Team Preparation.Yellow,0,,,,,team-preparationyellow
Team Private,0,,,,,team-private
Team Project Evolution,0,,,,,team-project-evolution
Team Prospects,4,1,0,3,,team-prospects2180
Team QUAZAR,5,2,0,3,,team-quazar
Team Queso,1,0,0,1,,team-queso
Team Quest,0,,,,,team-quest
Team Question Mark,0,,,,,team-question-mark
Team Refuse Academy,0,,,,,team-refuse-academy
Team RevolutioN,0,,,,,team-revolution8606
Team RivaL,0,,,,,team-rival
Team ROCCAT,4,0,0,4,,team-roccat
Team-Russia,4,2,0,2,,team-russia5503
Team RVN,0,,,,,team-rvn3867
Team s1mple,1,0,0,1,,team-s1mple
Team S2,0,,,,,team-s2
Team Sampi,1,0,0,1,,team-sampi
Team Savage,0,,,,,team-savage
Team Secret 2vs2,2,0,0,2,,team-secret-2vs22999
Team Server-Forge,0,,,,,team-server-forge
Team SeventySeven,0,,,,,team-seventyseven
TeamSG,0,,,,,teamsg151
Team Shoke,3,2,0,1,,team-shoke
Team Sigma,0,,,,,team-sigma
Team Singularity Female,5,5,0,0,,team-singularity-female
Team Skyfire,4,0,0,4,,team-skyfire
Team Smoke,1,0,0,1,,team-smoke
Team smooya,1,0,0,1,,team-smooya
team solemn,0,,,,,team-solemn
Team South Africa,4,0,0,4,,team-south-africa1576
Team Spotnet,2,0,0,2,,team-spotnet2246
Team Squeaky,1,1,0,0,,team-squeaky
Team STORM,0,,,,,team-storm
Team Streamline,0,,,,,team-streamline
Team SubliminaL,0,,,,,team-subliminal
Team Supremacy,0,,,,,team-supremacy
Team TBA,4,3,0,1,,team-tba7218
Team Toxic,1,0,0,1,,team-toxic
Team Tricksters,0,,,,,team-tricksters
Team WESSEX,0,,,,,team-wessex
Team Wild,5,2,0,3,,team-wild
Team WinFakt,0,,,,,team-winfakt
Team WinneR,0,,,,,team-winner
 TeaM WinneR,0,,,,,team-winner503
Team-Xapso,6,1,0,5,,xapso-cs-go
Team XENEX,0,,,,,team-xenex
Team xXx,0,,,,,team-xxx-cs-go
Team xXx,0,,,,,team-xxx
Team Yetti,0,,,,,team-yetti5087
Tectonic,0,,,,,tectonic
TeigMasters,4,2,0,2,,teigmasters
Temperate,1,0,0,1,,temperate
Temp.no,3,0,0,3,,temp-no-cs-go
Temp.no,0,,,,,tempno
Tempo Gaming,0,,,,,tempo-gaming
Tempo Storm SE,1,0,0,1,,tempo-storm-se
temptation,0,,,,,temptation
Tenerife Titans,0,,,,,tenerife-titans
Tera-Gaming e.V.,0,,,,,tera-gaming-ev
Test,0,,,,,test9579
Test 2,0,,,,,test-28859
Test Takers,6,3,0,3,,test-takers
TG.FireStorm,0,,,,,tg-firestorm2420
ThailandAny1,0,,,,,thailandany1
The Dice,0,,,,,the-dice
The Entourage,4,1,0,3,,the-entourage
The Fundamentals,4,0,0,4,,the-fundamentals4312
The Gosu Crew,1,0,0,1,,the-gosu-crew2299
The Hawks!,0,,,,,the-hawks
The Imperial,7,6,0,1,,the-imperial
The Legacy of JeNume,1,0,0,1,,the-legacy-of-jenume
THE LEGION,1,0,0,1,,the-legion67
The Lone Rangers,8,2,1,5,,the-lone-rangers
THE OLD GUARD,0,,,,,the-old-guard9074
TheOverPowered,0,,,,,theoverpowered
The Pioneers,8,3,0,5,,the-pioneers
The Quest,12,5,0,7,,the-quest
The Stream Team,0,,,,,the-stream-team
The Trash Pandas,0,,,,,the-trash-pandas
The Working Men,0,,,,,the-working-men
ThirteenTeam,1,0,0,1,,thirteenteam
Threats,0,,,,,threats
Throw Potential,1,0,0,1,,throw-potential
Thunderbolts Gaming,4,1,0,3,,thunderbolts-gaming
Thunderkeg,0,,,,,thunderkeg
Tien Len EK,0,,,,,tien-len-ek
TiMe DaS LiNdAs,3,1,0,2,,time-das-lindas
TITANS,0,,,,,titans
TLM,1,0,0,1,,tlm
TNC,2,0,0,2,,tnc
tNt,1,0,0,1,,tnt2557
To Be Decided,0,,,,,to-be-decided3732
To.be.or.not.to.be,1,0,0,1,,to-be-or-not-to-be4446
Tommy&amp;Friends,1,0,0,1,,tommy-friends
tomorrow,2,1,0,1,,tomorrow7842
tomtebloss,0,,,,,tomtebloss3678
TOOMUCHVIDEOGAMES,0,,,,,toomuchvideogames
TopGun,0,,,,,topgun
TORI,1,0,0,1,,tori
TORMENT,1,0,0,1,,torment1861
TORNADO.RoX,3,1,0,2,,s4s
TotalneGituwy,0,,,,,totalnegituwy
TO THE TOP,0,,,,,to-the-top
touch the crown,0,,,,,touch-the-crown
TOXIC,0,,,,,toxic
TransacT,0,,,,,transact174
Trasgo.net,7,2,0,5,,trasgo-net3788
Trepunktnoll,0,,,,,trepunktnoll
Tricked Academy,1,0,0,1,,tricked-academy1574
Trident Esports,2,0,0,2,,trident-esports
Trident_Esports,0,,,,,tridentesports
Trifecta Gaming,0,,,,,trifecta-gaming
troublemak3r,0,,,,,troublemak3r
True e-Sport,0,,,,,true-e-sport
tryPants,0,,,,,trypants9839
T Show,0,,,,,t-show
TSK,0,,,,,tsk
TSV Oftersheim Female,4,2,0,2,,tsv-oftersheim-female
ttc,0,,,,,ttc6064
Tt Dragons,0,,,,,tt-dragons-cs-go
TTFU,0,,,,,ttfu
TyLoo Female,8,3,0,5,,tyloo-female
Tyrant Gaming,0,,,,,tyrant-gaming9501
TYSKER,0,,,,,tysker337
TzatzikiKlubben,1,0,0,1,,tzatzikiklubben491
UA$AP,2,1,0,1,,ua-ap
ÜberholverBOT,4,3,0,1,,berholverbot6913
ubern00bz,0,,,,,ubern00bz7016
UBINITED,0,,,,,ubinited
U-BOT,1,0,0,1,,u-bot8708
uFrag.eu,0,,,,,ufrag-eu1051
UltiCoin,1,0,0,1,,ulticoin
undefined,2,1,0,1,,undefined1947
UNDERD0GS,0,,,,,underd0gs
Underdogs,3,1,0,2,,underdogs
UnderPressure,5,4,0,1,,underpressure
Ungentium,16,5,0,11,,ungentium
Uninvited,1,0,0,1,,uninvited
UNIQUE-ESPORTS,0,,,,,unique-esports
Uniquestars,4,1,0,3,,uniquestars
United5,0,,,,,united5
UNITED IGNITED,2,0,0,2,,united-ignited
Unity,16,9,0,7,,unity-1
Universal Soldiers,0,,,,,universal-soldiers
UniversalSoldiers,0,,,,,universalsoldiers
UnkerJohn,1,0,0,1,,unkerjohn
UNKNOWN,1,0,0,1,,unknown2740
Unknown Aces,2,0,0,2,,unknown-aces
UNLEASHEDD,0,,,,,unleashedd8949
Unluckers,1,0,0,1,,unluckers
UnlukoExpress,2,1,0,1,,unlukoexpress
UNNAMED,7,1,0,6,,unnamed4440
unu.AiN,2,1,0,1,,unu-ain
Updraft,3,1,0,2,,updraft
uPGaming,0,,,,,upgaming
Uruguay,29,15,1,13,,uruguay
US-Creteil,0,,,,,us-creteil
USSR,2,1,0,1,,ussr5165
UTM Esports,4,2,0,2,,utm-esports7200
UX Gaming,0,,,,,ux-gaming703
UYA,7,2,0,5,,uya
Vainox Gaming,2,0,0,2,,vainox-gaming
Vakarm.net,11,6,0,5,,vakarm-net6631
valhalla,0,,,,,valhalla
VALOR,0,,,,,valor
Variance Gaming,1,0,0,1,,variance-gaming
VAULT,7,3,0,4,,vault1801
Vault.gg,0,,,,,vaultgg
Vega Academy,0,,,,,vega-academy-1
Vega Squadron Academy,4,0,0,4,,vega-squadron-academy
VeloX eSports,1,0,0,1,,velox-esports5688
Vengeance,1,0,0,1,,vengeance5367
Vengeance &amp; Evil ,0,,,,,vengeance-evil-9023
VENI VIDI VICI,1,0,0,1,,veni-vidi-vici
VeritasAequitas,13,7,0,6,,envision-esports9797
VERTEX,17,6,0,11,,vertex-esports-club
Verying,0,,,,,verying5003
VERY T0XIC,0,,,,,very-t0xic
Vesuvius Gaming,2,0,0,2,,vesuvius
Vexed Gaming Female,6,3,0,3,,vexed-gaming-female8937
Vexed Gaming.uk,29,10,0,19,,vexed-gaming-uk
Vexilla,1,0,0,1,,team-vexilla7415
Vici Gaming Renascence,0,,,,,vici-gaming-renascence
Vikings,0,,,,,vikings
Vilay eSport,1,0,0,1,,vilay-esport
Vination eSports e.V.,0,,,,,vination-esports-ev
Vination Tt,0,,,,,vination-tt8180
Vince te Ipsum,0,,,,,vince-te-ipsum
Violetdreams,0,,,,,violetdreams3694
Virtual Impact,5,0,0,5,,virtual-impact7645
Virtue Gaming,2,0,0,2,,virtue-gaming
Virtus.pro Ladies,0,,,,,virtus-pro-ladies-csgo
Virtus.pro Staff,7,1,0,6,,virtus-pro-staff5578
Vision Gaming,6,3,0,3,,vision-gaming
Visionill,0,,,,,visionill
visomintevet,1,0,0,1,,visomintevet5385
visomvet,1,0,0,1,,visomvet
Vistula Eagles,0,,,,,vistula-eagles
Vital Gaming,0,,,,,vital-gaming
VitalSpark,2,0,0,2,,vitalspark
Viva Algeria,4,2,0,2,,viva-algeria
Vizion,0,,,,,vizion
VNS Gaming,0,,,,,vns-gaming
VNS Sushi Rao,0,,,,,vns-sushi-rao
VOID,1,0,0,1,,void-1
Void (Brazilian Team),0,,,,,void-brazilian-team
volgare,25,2,2,21,,volgare8809
VOYVODA,4,3,0,1,,voyvoda
VP.Prodigy,50,16,0,34,,vp-prodigy-1
Vrious Artists,0,,,,,vrious-artists155
VRTX Esports,2,0,0,2,,vrtx-esports
walkover,0,,,,,walkover86
walla walla wasp wackers,0,,,,,walla-walla-wasp-wackers
Wanted.hatoR,1,0,0,1,,wanted-hator
WARDELL N Friends,3,1,0,2,,wardell-n-friends
Wargods,0,,,,,wargods5428
WARMAKER,0,,,,,imaginary-gaming-cs-go2
Warriors International,0,,,,,warriors-international
Warthox Esport,6,3,0,3,,warthox-esport
WASD,4,1,0,3,,wasd
WASD Sports,3,0,0,3,,wasd-sports
WASDWASDwtfcantmove,4,2,0,2,,wasdwasdwtfcantmove
Wasps e-Sport,0,,,,,wasps-e-sport
Waterboys,3,3,0,0,,waterboys
watermelons,1,0,0,1,,watermelons
WE ARE LIONS,0,,,,,we-are-lions
WE ARE LIONS CS:GO ,0,,,,,we-are-lions-csgo-
WebOne,2,0,0,2,,webone-cs-go
webSPELL,8,4,1,3,,webspell-cs-go
Websterz,3,0,0,3,,websterz
WE GOT GAME,0,,,,,we-got-game
WE HAWT,5,3,0,2,,we-hawt
Wellplayed,0,,,,,wellplayed7139
we make history,0,,,,,we-make-history8336
Western Titans,1,1,0,0,,western-titans
Western Wolves,0,,,,,western-wolves-cs-go
Wet Movement,0,,,,,wet-movement1366
WG eSports Club,0,,,,,wg-esports-club
Whatever It Takes,3,1,0,2,,whatever-it-takes
whatsup,1,0,0,1,,whatsup336
Whykick,1,0,0,1,,whykick
Wicked Youth Female,2,0,0,2,,wicked-youth-female9220
Wild 4 Sports,0,,,,,wild-4-sports
Wild 4 Sports e.V.,0,,,,,wild-4-sports-ev
Wild Fire,2,0,0,2,,wild-fire6482
Wild Ineters,0,,,,,wild-ineters
WiLD MultiGaming,0,,,,,wild-multigaming
WinFiction,0,,,,,winfiction
Wings Future,2,0,0,2,,wings-future
WinOut,3,1,0,2,,winout
Win Scrims Not Matches,4,2,0,2,,win-scrims-not-matches
Winstrike Team Staff,9,0,0,9,,winstrike-team-staff
Winter is Coming,0,,,,,winter-is-coming
WinX,3,1,0,2,,winx
WiseWizards,0,,,,,wisewizards
Without a Roof,6,1,0,5,,without-a-roof
Wizards,0,,,,,wizards
Wizards Club Pro League,0,,,,,wizards-club-pro-league8686
Wizards e-Sports Club,5,2,0,3,,wizards5073
Wizards eSports Club,0,,,,,wizards-esports-club
WMTF,0,,,,,wmtf
wNv Teamwork,0,,,,,wnv-teamwork
WOLFHOUND,4,0,0,4,,wolfhound
Worth.It,1,0,0,1,,worth-it9263
WOW,0,,,,,wow9622
Wrecking,6,0,0,6,,wrecking8396
Wrecking Gaming,0,,,,,wrecking-gaming
Wrecking Gaming,0,,,,,wrecking-gaming5043
Wrecking Gaming,0,,,,,wrecking-gaming7795
W.SICK,1,0,0,1,,w-sick9673
wSystem eSports Club,0,,,,,wsystem-esports-club
Wubbalubbadubdub,2,0,0,2,,wubbalubbadubdub
WYBOROWA,4,1,0,3,,wyborowa1685
wygers,0,,,,,wygers
WySix Team,0,,,,,wysix-team9923
Wyvern,0,,,,,wyvern3051
Wyvern Ladies,3,1,0,2,,wyvern-ladies
xaLiris,0,,,,,xaliris
xDparty,1,0,0,1,,xdparty
XENEX,0,,,,,xenex8169
xfxq,0,,,,,xfxq6052
xGame.kz,0,,,,,xgamekz
Xiphos,1,0,0,1,,xiphos
XPC Gaming Ladies,1,0,0,1,,xpc-gaming-ladies
xPerience,0,,,,,xperience
Xperts@Total.Chaos,4,2,0,2,,xtc
Xplicit,1,0,0,1,,xplicit
XPRESIV'E Club,0,,,,,xpresive-club
xspell.se,0,,,,,xspell-se1993
Xtreme LunGiZ,0,,,,,xtreme-lungiz3336
Xtreme Mind Gaming,0,,,,,myxmg-cs-go
Yakuz4 e-SPORTS,0,,,,,yakuz4-e-sports
YaMaHa-AEROX,1,0,0,1,,yamaha-aerox7627
Yeah,0,,,,,yeah
YellowFlashes,1,0,0,1,,yellowflashes
yodelin,5,2,0,3,,yodelin
Yoink,1,0,0,1,,yoink
Youngsters,6,0,0,6,,youngsters
YourOwnMORACLE,0,,,,,yourownmoracle95
ZAGA Talent Gaming,0,,,,,zaga-talent-gaming
zbrilo,0,,,,,zbrilo1141
Zcorpio,0,,,,,zcorpio3287
ZeGg Esports,0,,,,,zegg-esports9914
ZEN,0,,,,,zen9512
ZEST eSports,4,2,0,2,,zest-esports8784
ZET,0,,,,,zet6616
Zeta Strike,0,,,,,zeta-strike8430
ZetMac Gaming,0,,,,,zetmac-gaming
Z-GAMING,0,,,,,z-gaming
ZINCTHAI,0,,,,,zincthai
zNation,0,,,,,znation-cs
ZOCKER,0,,,,,zocker
Zone Esports,2,1,0,1,,zone-esports
Zone GG,5,2,0,3,,zone-gg
Zorka,2,0,0,2,,zorka
zuom,0,,,,,zuom
zX9,0,,,,,zx9
ZYLEX,0,,,,,zylex9796
ZZCY,0,,,,,zzcy
Z-Zombies,2,1,0,1,,z-zombies
zzz,0,,,,,zzz4142
Австрия,0,,,,,9085
Австрия,4,1,0,3,,8202
Азербайджан,1,0,0,1,,7166
Албания,2,0,0,2,,1604
Алжир,0,,,,,4268
Армения,1,0,0,1,,9283
Бельгия,19,12,2,5,,4474
Болгария,5,2,0,3,,433
Босния и Герцеговина,8,2,1,5,,4118
Венгрия,8,4,0,4,,4547
Греция,1,0,0,1,,3462
Греция,1,0,0,1,,3804
Грузия,3,1,0,2,,1834
ДВГУПС,3,1,0,2,,dvgups-1
Египет,0,,,,,5840
Израиль,1,0,0,1,,2964
Израиль,1,0,0,1,,8266
Индонезия,3,1,0,2,,5537
Ирландия,3,1,0,2,,5762
Ирландия,2,1,0,1,,4445
Исландия,0,,,,,83
Исландия,8,4,0,4,,680
Испания,8,4,0,4,,9362
Испания,6,2,0,4,,1162
Испания,0,,,,,2614
Италия,3,0,0,3,,6118
Казахстан,15,10,0,5,,2523
Кипр,1,0,0,1,,8752
Кипр,2,0,0,2,,8741
Киргизия,0,,,,,1727
Китай,0,,,,,611
Команда «Восток»,1,0,0,1,,komanda-vostok
Команда «Запад»,1,1,0,0,,komanda-zapad
Косово,4,4,0,0,,kosovo-1
КубГУ,3,1,0,2,,kubgu-1
Ливия,0,,,,,1453
Литва,2,1,0,1,,6727
Литва,0,,,,,8422
Люксембург,4,1,0,3,,6555
Люксембург,1,0,0,1,,8653
Македония,1,0,0,1,,3690
Мальта,1,0,0,1,,828
Мальта,1,0,0,1,,1978
Марроко,0,,,,,8983
МГТУ,3,0,0,3,,mgtu-1
Молдавия,2,1,0,1,,298
Молдова,0,,,,,2714
НГТУ,5,4,0,1,,ngtu-1
Нидерланды,19,7,3,9,,4045
Португалия,0,,,,,9990
Португалия,13,7,0,6,,5945
Румыния,7,2,1,4,,8875
Румыния,0,,,,,6716
Сербия,11,3,1,7,,4527
Сингапур,10,2,0,8,,6885
Словакия,13,6,1,6,,6155
Словения,0,,,,,8597
Словения,2,1,0,1,,1448
Стримеры,1,0,0,1,,strimery
сша,0,,,,,8241
США,2,0,0,2,,3365
ТГУ,3,0,0,3,,tgu-1
тест,0,,,,,4713
тест1,0,,,,,19244
тест3,0,,,,,33913
тест4,0,,,,,44351
Тестовая команда,0,,,,,4802
Тунис,10,0,0,10,,3214
УГНТУ,5,3,0,2,,ugntu-1
Узбекистан,1,0,0,1,,6663
Украина,11,4,2,5,,6973
УРФУ,5,5,0,0,,urfu-1
Уэльс,3,0,0,3,,7430
Фарерские острова,0,,,,,620
Финляндия,19,10,1,8,,1696
Хорватия,4,2,1,1,,4552
Хорватия,2,1,0,1,,474
Черногория,1,0,0,1,,361
Черногория,3,2,0,1,,6839
Чехия,8,5,0,3,,2438
Швейцария,2,0,0,2,,9454
Эстония,5,2,0,3,,9102
